"ln_votes_pop","pop","education","houses","income","xcoord","ycoord"
0.716421517583903,0.581574014099923,0.573642237377733,0.60887545641752,0.525318759338086,0.687484713858262,0.254425113464448
0.6773616726325,0.548451381033483,0.523421686286843,0.579594105086294,0.47857671087392,0.675164825406299,0.407270621351724
0.727418702981909,0.723536090288057,0.715400431482352,0.746105505555608,0.677824606687926,0.63637285412948,0.23474124540197
0.744858026858786,0.497750006215077,0.462309659894832,0.512136526334602,0.401622836555846,0.676281340741045,0.282038590561579
0.731797742835822,0.575618908319085,0.546529883690079,0.611626640894087,0.507784683856692,0.65232121872602,0.366411445446833
0.701247261583704,0.557192519722359,0.547897462233408,0.579282531446084,0.486206018924837,0.245677545383681,0.433048976500927
0.663308154811862,0.596702480817862,0.582307478491774,0.617587421406472,0.531135087773401,0.227534882074702,0.328545858863888
0.744810414767151,0.409949875992174,0.369668367516571,0.42886740530673,0.314639368400261,0.582637359097273,0.424616092977601
0.645039691902754,0.595153905262947,0.571955838716291,0.602639692228802,0.540443342920401,0.156782034560562,0.334003115107174
0.685726342932113,0.545497699843413,0.541166040145674,0.549813502794255,0.476908822529086,0.0508175109844749,0.596779355289189
0.753171036149935,0.687538201732825,0.693081468604064,0.715203729245322,0.657350019056342,0.351105967808639,0.622073873746241
0.732529013591195,0.711513388527336,0.724658021096635,0.725660253136912,0.676382840682253,0.348089820415122,0.57853097482447
0.741926356058826,0.550048788508202,0.540667978155988,0.588000608012141,0.475793437335489,0.750434228862807,0.189242339146963
0.725469575281799,0.601425030538743,0.60211160110655,0.626110069590229,0.545957040632561,0.773322095590682,0.0953341698753788
0.63059285752715,0.519962872659986,0.485940657197024,0.522486352625528,0.434897282046698,0.750371883304941,0.306688710224197
0.703085279923224,0.518703436013731,0.508441812994468,0.554890634198054,0.454736879976363,0.69045449947008,0.412585108876959
0.677498236269924,0.672795645096191,0.664070574350732,0.685994954348461,0.626066593700496,0.762005069877184,0.288882297184935
0.659335131711537,0.513294781347668,0.484679250691742,0.536012007726081,0.435820023284336,0.714617324025512,0.255914023379326
0.724023273467854,0.419882397140229,0.385768523804511,0.449873646320416,0.33233460571993,0.683949985651691,0.410578251256078
0.712392801810174,0.451339633217432,0.425136857706657,0.486417998859292,0.378514463543526,0.757444165579063,0.305831844929391
0.654883902494436,0.488459961664296,0.449598572107886,0.515922451906471,0.407604692606848,0.718838471525706,0.401126085101287
0.724940388966855,0.445124065248187,0.432922119006859,0.477704713252888,0.375837247771099,0.718189159319075,0.333495750669993
0.701783022719225,0.462005892054788,0.420029378005696,0.479482085835464,0.376506850885173,0.707088029384433,0.257488147582208
0.732151106418897,0.411482649642048,0.374853708203639,0.433473398369,0.324018250787799,0.719478846946989,0.357376243217853
0.707350687722458,0.485197836938662,0.448976337220372,0.52410056510758,0.416612043926258,0.695233471927685,0.37127726140421
0.709906254094484,0.404813858510824,0.379529138244245,0.429263236986042,0.322760101123471,0.721599196409913,0.345895968575703
0.717902024586041,0.411110640585001,0.388457483463972,0.445080546042829,0.32520288180001,0.721097411808058,0.411702776273914
0.66087546449641,0.431509400387682,0.395349976236062,0.452499615130588,0.334758938937545,0.752659099858721,0.321783951210709
0.727772219247026,0.392210260429247,0.353244905360708,0.407692953508217,0.301240814003647,0.717106342376512,0.278249780323384
0.749695477597158,0.443319647960285,0.393384338871855,0.461402878692834,0.348323393046449,0.722503348292028,0.522938497293888
0.725144810082861,0.523990302143211,0.507089785267321,0.56373562454586,0.466013394384338,0.680587352378789,0.541959793697937
0.745095639426173,0.363514760652252,0.303162993063762,0.395756249565548,0.252593551816834,0.726457487252894,0.548248110612447
0.728831953707475,0.541041039686069,0.499231100875301,0.570951301237307,0.464776221090925,0.732632735282245,0.524466409295061
0.724627733324839,0.425333926085883,0.405881624073238,0.458920552334144,0.351507021628483,0.699698597200222,0.570160578968051
0.729113982739248,0.540785922465122,0.520164654691477,0.573513775307316,0.486103465696163,0.648032515486778,0.513998122840128
0.747224825337205,0.420335538498062,0.391401866825191,0.45713919916416,0.33090145388614,0.680534385147049,0.524364624390935
0.745983942519958,0.448865039808925,0.418402912348677,0.476877479107629,0.359246315922979,0.688102747316174,0.524405060067429
0.746315244164485,0.455760778123122,0.436119691085104,0.470547622409723,0.376629719971625,0.713594715583451,0.568323222305989
0.708534975092309,0.34902271545006,0.284573220787335,0.37316658853621,0.206953957329635,0.716011656817835,0.518472905988528
0.747595803468758,0.455640272865867,0.440381729688415,0.478419822493449,0.386994234259926,0.850134419142156,0.595095940915845
0.711758793389528,0.509304171269071,0.494820373206853,0.534392935728145,0.44734691059676,0.864484141197535,0.552744144627326
0.674969999894581,0.507447640527576,0.464285702498188,0.50388390439639,0.410108901493162,0.594047090712539,0.357962159965054
0.708844567119684,0.57077584407357,0.547273677623478,0.584367667236457,0.496615698562148,0.587821259771651,0.344418358724746
0.666418837971455,0.881516979813628,0.878862431165977,0.85533383650292,0.858090067768632,0.889976233096229,0.655206926095895
0.746769012019315,0.438282471174424,0.414779929612032,0.468445300163438,0.338838009185164,0.747207201593673,0.462189901790639
0.74129819457467,0.533828429527053,0.523908460011411,0.56617010885974,0.468521492355804,0.842910794350934,0.411494062406711
0.751449254650605,0.615502305083025,0.596697940737435,0.647119751558406,0.567220692013675,0.759723098827847,0.44466312316901
0.547831546195204,0.689121762077673,0.678157369266744,0.688798354967522,0.629708164728986,0.801859829806871,0.418668591050687
0.732694834602975,0.455006738162216,0.415863490421647,0.478147059782154,0.355800684611131,0.73328084649796,0.452894545104964
0.462788199954731,0.623987341862428,0.587538871958566,0.599682157246157,0.548257665914867,0.826860186571819,0.404670299552889
0.74233071473448,0.405993195685673,0.381544156333899,0.419093990640157,0.31310483370674,0.43078620468361,0.99741249618412
0.729881287221189,0.513615122254383,0.490451042906969,0.545858734420207,0.42673917642364,0.520374793235284,0.379317889350449
0.74615270428231,0.469080563693024,0.472746801455291,0.501165430767645,0.425010051845107,0.441008191605808,0.476616541607004
0.748566032161107,0.645942969317396,0.649752042241603,0.676904001033645,0.601692408857042,0.782725112677674,0.665837376900983
0.737114973847714,0.630174832381776,0.617503773361825,0.624349614167576,0.562188359792412,0.819701185688879,0.666079695809026
0.699920353523822,0.653911761931104,0.645950385460727,0.682272009086044,0.59504672360642,0.787369821415477,0.624203598480057
0.720471458874206,0.72695458181066,0.716915205557755,0.749568087010261,0.69244796120657,0.847402871272566,0.629301107912237
0.740960040577337,0.614630528290334,0.608470443397259,0.647106560528064,0.547161200442533,0.839310276568427,0.663377673434899
0.683935014998019,0.703145783219696,0.690632102776229,0.706547110938137,0.655926217762941,0.783003495307446,0.324804188444588
0.680008595830989,0.496156323597119,0.452016577050573,0.506385046012026,0.403932540864408,0.792189539256084,0.391007763312572
0.686001784731991,0.561534043024318,0.538605041674957,0.588647584877126,0.497771045837787,0.743578672464203,0.381132224240492
0.713536741638258,0.522846906448172,0.505041440282698,0.557657288687645,0.461641871231462,0.770789788581798,0.388837392080173
0.701213412511745,0.638390358046347,0.637041066459608,0.672137608749613,0.598558560654153,0.758734842258321,0.370275898650233
0.674030568174181,0.545422076249145,0.517635653279415,0.578914197158605,0.478884540581202,0.726996290633585,0.406328077960322
0.723825223889912,0.444628248033025,0.41100216036891,0.474612295689869,0.352871790244715,0.750644472919704,0.374767505401262
0.690841459043773,0.674004374072599,0.650129196604031,0.70083820938211,0.625305526334183,0.746012250955106,0.413825670372076
0.610753192376655,0.614575005463494,0.593989835821635,0.640791690112995,0.564141238412433,0.760278998667465,0.415444657515301
0.742567388944368,0.755697608384618,0.752823200300799,0.766280861089732,0.725623280192465,0.661344387112435,0.465994102041264
0.709469228433647,0.444940452458436,0.395536186574564,0.483195049033419,0.366210467809153,0.675107566398196,0.481189820834957
0.662641061465229,0.455845743356392,0.410599667033758,0.483789571503916,0.368896292915605,0.701448758874793,0.477141825921672
0.740405048359568,0.450877073946525,0.424698438599983,0.485743791829835,0.364159143578895,0.738291839803637,0.463218334100726
0.714991099459535,0.4583855288252,0.439771487582961,0.48069574469111,0.397036981893694,0.381976980112579,0.415586245629658
0.745100655028456,0.440181520810883,0.422922699081068,0.479399216566393,0.369046372143452,0.495973077457273,0.277664116562689
0.729631896111465,0.693813850581881,0.689484442598939,0.721479392423966,0.662890032238859,0.531436343454578,0.19996479271129
0.747060029147816,0.140036225713111,0.0855698196067153,0.0433772107028369,0.0985398712159179,0.470041475868066,0.0762926767152907
0.71428830408496,0.53336414405396,0.519611049092592,0.561731751844361,0.461609843903084,0.506176802252889,0.360509818406286
0.515206377231554,0.488543579369924,0.424870252835652,0.489215107041537,0.376463214564701,0.422277184040837,0.153053041150785
0.73245994850825,0.477029413932031,0.452072682731996,0.509626615135059,0.40068958792858,0.481361468735593,0.239154215514144
0.725435059635573,0.452801076488219,0.434936236143739,0.484810988213715,0.387819668522017,0.420899506166664,0.303215247665356
0.737092796479507,0.693840315180967,0.681920470692409,0.706100759454849,0.656662151104099,0.471721838776436,0.110450535235117
0.742858999034992,0.359630949108299,0.326464295426701,0.393658707556431,0.259985667945539,0.442367677999923,0.0793912554371017
0.724807953596458,0.563832748491316,0.560555341674167,0.56621814205852,0.521684956433091,0.806671582251841,0.544295407282976
0.752471217122788,0.420398586041144,0.384723691327927,0.458998346051213,0.329696596973659,0.774758039185932,0.498338848439158
0.69906335458369,0.520094422741727,0.488726291503675,0.550690624849872,0.447333580238613,0.783277232928232,0.500751074771005
0.717030143701846,0.504232435570253,0.456795881619602,0.527196673726421,0.416448938844011,0.799923461555362,0.491199021110881
0.752149116187713,0.42401185956055,0.37978354065593,0.452555265671488,0.340158837127972,0.800876359539379,0.534432264549676
0.736596133351303,0.45614248989841,0.419645792203971,0.493167201913273,0.377254521937712,0.77613705934407,0.48761888257547
0.736303659670014,0.516918599984534,0.492240790153254,0.546744799133939,0.448429076708921,0.768564370075319,0.503701192578388
0.738738972793488,0.46209175077614,0.415461360981582,0.469583335508209,0.370734672092994,0.832274730487041,0.489380849258834
0.74689056397614,0.62075749150013,0.615392420271152,0.642469125498911,0.570323841293718,0.741580117609508,0.560844477388909
0.755060595928762,0.501397626994513,0.482340458233284,0.534426961109473,0.427066869162981,0.787030629789746,0.605160250085594
0.745215901410287,0.285115786828861,0.241787874262295,0.294791230961171,0.173468854500852,0.627518054072567,0.839156323735025
0.708131920936955,0.525102959309123,0.53553763164998,0.549294715549976,0.505523838366062,0.270855401541422,0.697421435040655
0.786747894735124,0.469967766606746,0.442812586441884,0.496595409585318,0.378683288415532,0.663151860780003,0.279757326910849
0.762020149972338,0.579417259416148,0.576025041665563,0.580720697149684,0.518174788460786,0.220094637377748,0.451939563210365
0.770877197180469,0.428671354692292,0.414394304390366,0.464870578432065,0.357342574038952,0.529747644256317,0.361904322190121
0.787045565235108,0.209693446377037,0.232386125608913,0.213205285040023,0.140069866450533,0.0781606477947193,0.567622154534277
0.779595210497913,0.425681232236227,0.430985731235515,0.442477476380972,0.372187839929704,0.035231103856184,0.592807045505526
0.778469284927083,0.761367859755463,0.770637224835821,0.769922344845616,0.740270674140894,0.341880556084227,0.617749533239897
0.782193060378966,0.423678277724969,0.436755567039412,0.452025210023667,0.383877626894021,0.283071051046494,0.653179492239217
0.779817836970916,0.568098784668288,0.564267751093754,0.616454629074046,0.494705312234466,0.736728873757345,0.157364900989515
0.767207299204962,0.466817152164895,0.457034827786097,0.505377212018495,0.380354544458444,0.731898947493949,0.175421602011749
0.779107871770467,0.434610811628638,0.403388261838865,0.463770268258192,0.333891818370193,0.719935347126643,0.224942909378547
0.783732520609689,0.655616975867752,0.664008045690549,0.693606231675168,0.60789481442103,0.739495409318192,0.0996888265979893
0.771785815782843,0.741745966877542,0.753354209709413,0.766529744915323,0.745514943821006,0.643824861472762,0.730130987979768
0.786701568137532,0.692761450149823,0.689307213969738,0.726506800026373,0.658474122740441,0.606176056932056,0.578277819661099
0.773834735395989,0.590908704183953,0.586839019255961,0.618931159304435,0.542342374609423,0.681305580270065,0.649272284316355
0.777656618406001,0.514012096425491,0.514084491740295,0.550338882274912,0.45563099172196,0.685493258979279,0.68639978276892
0.778556494251767,0.429291863871046,0.436738891904569,0.456422136939678,0.365318371284896,0.505327701674987,0.671111555242977
0.779285427011462,0.476682206219805,0.479794763619843,0.511497269166211,0.41597904750281,0.51116458817527,0.567119175196528
0.774410929484051,0.472742249331386,0.483379910578519,0.505548553024672,0.41872500131268,0.519187949285403,0.567009716368396
0.779552123475834,0.72829368499159,0.73878264835277,0.752489379922735,0.707315328122934,0.472764457846561,0.529856328963413
0.775297632432481,0.423343451529917,0.430557552497727,0.464285398068156,0.34318953520417,0.503148803904888,0.524604455598338
0.761024487620412,0.510270349917001,0.461191069641032,0.528440196986159,0.422618612945,0.716307294861214,0.489885936817464
0.773070476856109,0.559353795271724,0.553704912458137,0.589003658476957,0.50975364940937,0.733673128986848,0.558320346692707
0.759913380703859,0.442239092639802,0.41911817452797,0.46137762919524,0.359233273496058,0.704657806603444,0.56190503898522
0.765829047559137,0.42619476113771,0.410912875578513,0.457403354122779,0.342403686542359,0.690691483236498,0.562432220698681
0.78550652422885,0.433301233751215,0.390365543529364,0.473070314486285,0.329154081759507,0.691741378898646,0.500574321532356
0.77103974395119,0.35450534914228,0.317107877400463,0.378267234296482,0.267356800559498,0.687157585126589,0.544449012256353
0.761874835210909,0.595952335899365,0.589419072776927,0.621969945069486,0.531968576157594,0.804316015185612,0.611962635579685
0.7714880831272,0.46859068019122,0.42777807008683,0.506184367855382,0.378679410697239,0.633537773778242,0.386253809555132
0.771706936022631,0.47611934815282,0.471629881110551,0.513971115248947,0.405872062408856,0.613291557217539,0.25689953231228
0.786160281269239,0.514488368852974,0.500415993048757,0.545216203180426,0.431150993352774,0.597491620968962,0.255450847251808
0.786266424748004,0.383962545642338,0.319776424867943,0.36705653909393,0.267166218482852,0.597909636454398,0.402203807615568
0.780536491261633,0.465625605896829,0.480366840043858,0.499634179003815,0.407242617130051,0.496130442590585,0.666041073202489
0.773896880434683,0.508394500099339,0.512371040898562,0.533469420967236,0.454224433338963,0.470336301476413,0.70856443650629
0.784050403320928,0.749492707058374,0.749479567682042,0.775156973372158,0.720470214799819,0.870191267693952,0.619133158603987
0.778931996268892,0.427630774378073,0.431518055740293,0.455484144520858,0.351776399297794,0.346021943658266,0.484428596245343
0.765213645337317,0.692232365294092,0.699208258464427,0.707435018559769,0.660910449997142,0.891607673286387,0.701927335529256
0.774679726417296,0.59689234978687,0.597402878640652,0.62219989217642,0.533265122681487,0.850859782332406,0.795935856114768
0.788576114313605,0.45287425927402,0.456636224749322,0.488110300421808,0.377797070458067,0.83632982333141,0.72829531789441
0.784319063520583,0.592476023380975,0.593814970737319,0.625342999968773,0.546063442898044,0.833211397432055,0.76595666003842
0.773207619095936,0.290855320440009,0.276479161203356,0.272530940839233,0.183443209246215,0.409413847199197,0.885061568482604
0.787760939510798,0.600167950657636,0.605312223813923,0.633873687694771,0.558584311796805,0.706492002318902,0.629786842003181
0.764674566463686,0.451777608053823,0.450957950842842,0.488147971379806,0.382613614685079,0.762100901887661,0.616114059809383
0.777792945717651,0.634425930327814,0.636081729681583,0.664861321696216,0.590418667392354,0.736381875690658,0.660222383571394
0.784696576664837,0.40353013142124,0.390815174379714,0.426751410661494,0.300245520495635,0.511979796083046,0.411226824327857
0.764009991243613,0.492331711980243,0.488215283961624,0.527233490887042,0.427215346916,0.472919138411942,0.455145745525934
0.771834659410011,0.464758303892993,0.460262893462528,0.501929622310192,0.400501850824912,0.473145790124153,0.41669120635772
0.766529827806218,0.413716850502064,0.403703803687518,0.451997226873937,0.329509644392959,0.484995790880071,0.375611552713112
0.760589163582915,0.702844165523868,0.706269086611945,0.72859212870898,0.661393204032378,0.779332790202853,0.71621673016628
0.787738400630594,0.782024170445486,0.795436934419076,0.805802877148016,0.778453427437325,0.862937512160033,0.636358082159898
0.760860383659635,0.497126648610047,0.467875827878315,0.530629608772737,0.413416905447565,0.692911091066337,0.456823383374064
0.761428102768769,0.472271999759068,0.438391033683453,0.509298631236529,0.386710972230401,0.633056229405655,0.444322856318844
0.770276411860457,0.444266657581032,0.430378531024902,0.479812812283593,0.375336747413361,0.643886712504958,0.460250886717702
0.771407874978289,0.415198272726293,0.408605113294617,0.456128377093134,0.340558206230809,0.439046814484629,0.302512746303445
0.772417908658288,0.398766520531293,0.376186613275003,0.430794308830389,0.335961480599756,0.461026555463385,0.136361834793065
0.757113536983915,0.442041222773367,0.437320658913394,0.469813853718187,0.393684933809277,0.394557677871347,0.451952128206815
0.783394742683253,0.343431231920475,0.316395458790494,0.384339938143543,0.267113896324363,0.502185485558508,0.32689541706512
0.765781762102912,0.44399248656725,0.391568780830153,0.464309855663525,0.345834185177539,0.818991929906214,0.491105500432607
0.789000693966474,0.420870036285378,0.397455081932902,0.443189197255142,0.363856693995581,0.81780409690499,0.531293503137876
0.779435577782517,0.396355109980531,0.384783729739856,0.426121790138738,0.332314236410912,0.832449509988641,0.530679420559707
0.775980708784803,0.348929604775931,0.361856785088496,0.374222913608412,0.270385801402526,0.101046624728064,0.984644182912617
0.783321494553709,0.462427790278373,0.446889848352234,0.485064565665381,0.37908186157198,0.7722436940559,0.585194302069261
0.768578433799577,0.604858826475801,0.607038026005988,0.637168685561981,0.55787656381816,0.75443027887433,0.594326693280847
0.813263688060772,0.395638249857128,0.36599736820053,0.433061017739405,0.281579511756616,0.566521668207467,0.45309187457941
0.831483513182968,0.391037873653402,0.41097984762062,0.418893067724836,0.323960173783971,0.0620161154612886,0.694797669825625
0.818728661771668,0.705718199750811,0.733214729108446,0.738672291844443,0.707181372486218,0.351437317670151,0.61253379478072
0.812522956189577,0.672904141495579,0.689719559975448,0.686124072336389,0.648687277892512,0.33332102317644,0.6312605305633
0.806998021143647,0.377186941799764,0.409449219628857,0.404734589093557,0.342746084913479,0.328401181548993,0.614362465572753
0.821517102722772,0.450667392298464,0.436304231102961,0.482436382902631,0.382341455204948,0.61451423661697,0.580331353292282
0.821946275100084,0.473344090223472,0.478556280398437,0.513115742806081,0.41570460014312,0.644125762682217,0.585479544354437
0.831524799607941,0.502233031428935,0.500529560490825,0.536145642402444,0.452881179963777,0.629488103054629,0.588084546403628
0.823776293029961,0.380360137278407,0.356980148743513,0.416817976271683,0.296361062366034,0.635827833854634,0.532999053830469
0.820168050960701,0.54869318933053,0.545784640816757,0.587754433778601,0.491542346305544,0.605948009950987,0.596220887577857
0.837382062636086,0.391560825860181,0.36941879829566,0.4281069245244,0.29391997674493,0.619900698538705,0.510642931472702
0.807915596842422,0.656871566354282,0.661639246212506,0.685755603297249,0.632003002684183,0.594568126492319,0.689467623630289
0.802291238553048,0.494349683801054,0.488754079902136,0.530475798483225,0.421328345486345,0.656202362165452,0.572816346976052
0.789093599690083,0.510547799375462,0.508352812741357,0.545698525320262,0.457449648892331,0.693268933374534,0.591689308958927
0.790132159678132,0.552430236072842,0.550016591030349,0.587792349997034,0.497627204473501,0.685853414961154,0.624622712791166
0.809807323091933,0.503573676103435,0.499584141573193,0.531101251378823,0.43796423430962,0.685138383825111,0.576322276136458
0.820404370579369,0.448358750713446,0.457603043835319,0.48777056004962,0.380078799250833,0.65387961040985,0.618044852820884
0.792086233328068,0.623002396346794,0.632156933387748,0.654124748985504,0.602686818131059,0.656293425535525,0.691130714754342
0.799559733617179,0.69175892412943,0.692121552742013,0.723214329909665,0.656470616089914,0.670123648373032,0.695735364309001
0.80465969019877,0.472448632184343,0.476026035267959,0.51488880791131,0.40663346315773,0.650226743552692,0.589134735553206
0.82818565851773,0.479743492105972,0.488540812036826,0.515281294866427,0.425930200711248,0.568058918918843,0.715214102479774
0.829230322916958,0.485034388545578,0.492746828266432,0.516144411107256,0.432185284548722,0.563796973050753,0.744581998829516
0.819923752636328,0.499859286497514,0.518718008052558,0.534777815703984,0.45582696504201,0.533238483309547,0.698706437831939
0.826098768385833,0.457715710573861,0.473520336365234,0.487940588368995,0.402121468032272,0.539044903496141,0.727926210582594
0.792734115038784,0.472319135735895,0.472190104556109,0.504310810052168,0.412970053828846,0.594382061208431,0.718814142620299
0.82165948362198,0.503123443510378,0.501489040450483,0.530924670988936,0.443264896664058,0.549780896868932,0.68380397256277
0.826782017769642,0.466169752962752,0.475090644840611,0.488916818066492,0.401275938378169,0.559838595298417,0.698976964735368
0.807062183448206,0.450704871392838,0.454192435868075,0.484282064651428,0.37931617324524,0.518886253302548,0.53713344363545
0.820114648745481,0.396519729342239,0.405668609331849,0.428506062026608,0.329628949044836,0.460874700758984,0.52466917797938
0.813140984525431,0.368874793527295,0.382071766888261,0.404593534091525,0.290051221515796,0.4872210680935,0.572152426056261
0.80469615851607,0.548188684830545,0.561272061323534,0.578607276487307,0.503463887324573,0.469483333001295,0.576150666956758
0.811329540625973,0.351568743735635,0.371221164553229,0.387060238449435,0.290938072615018,0.411940043283713,0.563519725357849
0.806184069428661,0.39421525058743,0.384873711003217,0.437333636336354,0.314080732249473,0.622178112887212,0.503744537599698
0.831023471129658,0.464681373370339,0.415800117737189,0.492845811549339,0.391851806348544,0.58576461581219,0.201630708851323
0.836436036545833,0.504988787245408,0.457312784779847,0.531967414441199,0.424760744413874,0.56195373458016,0.236796086130099
0.808918721217008,0.477386418668156,0.441589724725035,0.50935835243583,0.382724309338387,0.575013009557486,0.296043839188284
0.819229264661553,0.44661882562669,0.424142533281102,0.485840412678613,0.362926501457909,0.559349686025651,0.273042095267972
0.789736971705409,0.536094243213604,0.517789183248129,0.567954269328324,0.467863219436111,0.545733274894528,0.319893804697791
0.833321784228083,0.609894761866495,0.600443206212136,0.624893948704219,0.545465316080778,0.954116689549076,0.8031787332797
0.820330223396291,0.619232133458427,0.623951736104896,0.644578574993749,0.560625124359043,0.961913699194729,0.813620413987118
0.821265515579757,0.623465059686108,0.648756565941707,0.648999622686068,0.618462880219529,0.83531572779555,0.595873157625772
0.829276738313991,0.479998003937995,0.48139942170267,0.518429440612095,0.413134388429076,0.669683343909118,0.808872784892321
0.829997924513959,0.492109916538918,0.49821338846837,0.529235891497013,0.426394400561028,0.666366118689835,0.797103093687649
0.829906371019231,0.52707035164529,0.524713842464388,0.567781348937362,0.464385158509695,0.734551706827096,0.773277878691284
0.834229847239664,0.496974606167276,0.493968845250275,0.532929237267795,0.424627717544585,0.504444355194335,0.919824950203823
0.798659996814972,0.488891966654837,0.45015916342307,0.515811269490306,0.395196743860118,0.605500075662428,0.389862704223357
0.826876137774472,0.407047605657571,0.387444121514169,0.439701929764532,0.312200063773763,0.617229783048762,0.35822547675307
0.828989265944824,0.418648435173588,0.412856614863197,0.455457202527757,0.331614375353651,0.527841212469564,0.522178399337513
0.821734690880678,0.423728900185174,0.421229892966443,0.459541052718168,0.350425828926361,0.542721277984325,0.603408318533623
0.825367546039852,0.412314075256205,0.41144723718843,0.449557989566275,0.338810176790799,0.552279063944854,0.607266067594621
0.816718485216695,0.408833666860941,0.411735340564616,0.448021600562007,0.323494295820545,0.53423094334728,0.642454508809833
0.834236291624428,0.370592627090392,0.365550905776284,0.416239989349799,0.260507943402793,0.545936789869967,0.540757728316105
0.817325634814696,0.374739922751502,0.385620015663187,0.413464762546107,0.286649148870529,0.512478224974988,0.631528991410265
0.810117101348542,0.413251690394555,0.414114747803559,0.444261709038667,0.332243694062629,0.574066346129256,0.631495512862677
0.818173410548589,0.459077696932686,0.448130047725132,0.500328896007271,0.377647266905166,0.561602250459167,0.552355051381559
0.793547415687369,0.529859140142778,0.53139887221506,0.568471072794907,0.459400375331979,0.528053664230351,0.497125778144327
0.801950168291912,0.362619454397094,0.353116207917608,0.40355241320062,0.26873192493039,0.551276006928446,0.647726789753035
0.81270126938584,0.449231464601443,0.455253850830264,0.49472235038792,0.364379739766637,0.543354571091527,0.490086386458813
0.835517760644101,0.417560045961542,0.373602625070923,0.454154540652277,0.313234761077942,0.596409775416112,0.505796511147429
0.789260256497943,0.50861099010714,0.521338494641046,0.530119858920063,0.451518518915353,0.454426103664732,0.649580042400538
0.830612466746277,0.199464065635318,0.218585276686899,0.231862133269518,0.0882533989157509,0.407783219444071,0.707152139338221
0.823385856319528,0.366608516646705,0.380321728039225,0.400552767825777,0.286566128602571,0.454118526358713,0.678931199476487
0.826982050754616,0.336296212366183,0.344369045064988,0.369092739577391,0.238137943652744,0.463364195974024,0.686317772976656
0.79936378546675,0.359589595188281,0.365027168169734,0.381354100395959,0.286291401730524,0.102472430547049,0.5660497169081
0.81064261307386,0.38397830798882,0.400596986085866,0.417922430283603,0.326167958142391,0.164847077120148,0.60372556361177
0.801193368514432,0.755977374891095,0.76854481670893,0.779361362626785,0.742144489087595,0.884415892416081,0.639665416913328
0.803685584149042,0.737348779584797,0.756896218407069,0.761401349837396,0.736180082466981,0.877483260659254,0.664010856494248
0.815720150788677,0.676872444632211,0.693992887674943,0.699442150499698,0.670993269604232,0.87628380630475,0.651306717466357
0.831632722804876,0.418380258452399,0.412725435737969,0.441760159968234,0.323360282666265,0.30546886049558,0.375236753204917
0.809872635063168,0.566113422513047,0.568985743091316,0.591196655284816,0.508074707708409,0.89367048115511,0.722460605784621
0.801669686487651,0.562122925888311,0.570159220667938,0.589643586405794,0.512099954774247,0.813059282041978,0.754045591541481
0.808828451714898,0.583596650831516,0.60360263453079,0.614712163531163,0.556751784478301,0.891621784929655,0.687885066543884
0.79372087200568,0.654346926251056,0.657358495741902,0.676930167545767,0.605955995818514,0.882591657860577,0.707176426042768
0.836914498040223,0.350659557113632,0.357960971115499,0.385042230711496,0.259330494061181,0.459972756580759,0.961565404601319
0.815292533911097,0.601208095249252,0.610774802377173,0.635760418676137,0.561566595368655,0.734756528763238,0.616805429765043
0.805015214906705,0.519183476952909,0.517180173422191,0.552828698580238,0.468855430374908,0.699415958117349,0.650383021569629
0.820717654012536,0.474685091029402,0.45902725825048,0.500394784480238,0.392020821039688,0.726915329716514,0.588893217769098
0.8321881256063,0.567763807010656,0.587076981764494,0.601336448069982,0.524937582921756,0.0530842223845208,0.792584206558422
0.81829646955809,0.704158605430933,0.715822784897756,0.723330258109435,0.66878121770566,0.0239110756653949,0.794000551510582
0.825834286733256,0.691214626044613,0.71466056410522,0.714635963341353,0.680111998316293,0.0200518149869254,0.861756578070792
0.795091957553093,0.345584173509652,0.346383846287909,0.385391360189704,0.259103306547427,0.794658441009234,0.691651487476325
0.822192298151874,0.460298184291628,0.468994555595219,0.481832947773284,0.385379791260642,0.360986855648946,0.81152416780089
0.826158010074627,0.462775679860536,0.467934445615847,0.480470690277476,0.393517147015811,0.474093689866561,0.754401290568494
0.801795515658739,0.339844448343886,0.320462224815869,0.37343181854559,0.238953251338772,0.452773434193963,0.268959188216901
0.812755902824181,0.323618558722037,0.308154929923279,0.360048885649665,0.231283732378801,0.777360780779737,0.521569418653876
0.802080054811464,0.553585768300958,0.567473841006401,0.585812424320965,0.511921592795354,0.00527551155501619,0.969462631363243
0.820081798698134,0.844040390794373,0.861926381961561,0.867098368187957,0.842654432843021,0.0421339227796751,0.942688394834353
0.796386186023881,0.557004692064662,0.564212530000872,0.591281828780743,0.506423128204689,0.0323490082428952,0.904876610048287
0.830871856855716,0.433510239128534,0.407590709731422,0.465837615136925,0.334305631200214,0.76825663381462,0.572854843089336
0.801580910944019,0.49252004331625,0.489344828466817,0.524947425374716,0.421480929835351,0.799864860263294,0.602873505060573
0.810922444794684,0.384981383843628,0.362399580340587,0.413464762546107,0.281836244507209,0.792549748222851,0.572031203355613
0.828077225554802,0.628709786267213,0.627355077719741,0.655608983923701,0.596949362510937,0.643313857499461,0.73641129365493
0.837042014767962,0.295998138756462,0.312405161924553,0.321508168987967,0.218472019697517,0.348931856340575,0.756157101246886
0.902624270040041,0.251591495953929,0.272189852579985,0.265892445822855,0.180498708925273,0.315982988458195,0.655461514849465
0.923377596327322,0.257004712716463,0.285223151315286,0.287618756315044,0.182323590445483,0.290783072923179,0.549811609382089
0.846010816059305,0.433246630475592,0.460899680325103,0.448952322654797,0.396885362724442,0.304530992559649,0.647945791738135
0.850622883438121,0.39959146530523,0.408444507194792,0.431637819235624,0.325952283134199,0.385156497593991,0.62754344199947
0.903062053962912,0.304028406335395,0.328017367918232,0.334158144566088,0.212030596252817,0.175484907147153,0.805959392292682
0.945354722111507,0.295196528279641,0.314156438505689,0.335873025344741,0.190488517790735,0.206784867486195,0.720627592057573
0.879065895254268,0.389805671058026,0.393166246092087,0.42290681710893,0.301977390122701,0.131594393859178,0.815119316868972
0.846988896953149,0.357624150694179,0.336492913674951,0.390912444166611,0.271707005328272,0.592769360008896,0.592313890477082
0.841718592887443,0.509226113448848,0.503971911194486,0.547651775098043,0.45151213580998,0.613772907312184,0.594985259319601
0.840980106167416,0.448497113014768,0.461254288299365,0.481468961682932,0.40498951728188,0.62940685955146,0.627837665305599
0.863499538975128,0.460143154802282,0.442765864642412,0.502510661974767,0.391545135328645,0.632399870208205,0.561402481291648
0.853916107326162,0.462019106435646,0.445299597326765,0.50114910162953,0.39218616888551,0.66383379401932,0.546638357476679
0.840310992739617,0.372886615029624,0.358447332986851,0.409583519658475,0.283510654764317,0.692381401087307,0.577961797351063
0.843458923163803,0.600806433185227,0.606415909280834,0.599036529538948,0.5557405505473,0.576481627170314,0.69776208137058
0.854050869827946,0.28648042741155,0.310131248533209,0.319736481107264,0.211210134927146,0.440627795394666,0.508887753260574
0.872116492252048,0.36408703955524,0.37684560721382,0.406318155136531,0.268449961136208,0.449398455440906,0.618451528628796
0.864663752250618,0.260377821530424,0.277997857552142,0.294161993577674,0.165490601288757,0.39696061343225,0.581525997736614
0.840501329128761,0.417570887036718,0.381854896560055,0.452971566282582,0.328593844705273,0.571959454829248,0.276147251638931
0.865549922171439,0.568214214306484,0.557083177246785,0.595645325494511,0.517002094009913,0.616104984409019,0.201458172054436
0.894624385523678,0.434628741848795,0.456782587883782,0.471094102060765,0.374584132749855,0.674675757178853,0.843942153792183
0.901765046566215,0.404224617195702,0.408765428252836,0.442601653411335,0.319002972746669,0.692729176265763,0.880884297464907
0.853651408766628,0.435280755638992,0.447851044592908,0.471411376803146,0.367769713323837,0.699813079893166,0.839059851547518
0.894611373686882,0.431583619456975,0.435648207834597,0.473557751123394,0.335947899146185,0.544263827185037,0.906093264318615
0.868679342276109,0.382516459651757,0.387006243524157,0.417187615098567,0.296140227861037,0.491289813378728,0.856348949347042
0.852254891831431,0.388196141356992,0.376582598611416,0.426677562774844,0.287843747252302,0.509536539018287,0.946839903392886
0.869861960763329,0.531850552246915,0.536536005970851,0.571307748702166,0.461558084996876,0.532640831373952,0.901050273478413
0.875716217649165,0.316287246325227,0.319022163772364,0.356052375577664,0.221130369816151,0.517946548556981,0.997208378238438
0.875470058212156,0.418530536117897,0.411713212057713,0.454699578467695,0.336934358485284,0.49410327589347,0.797226508938013
0.858994195901012,0.527873310064193,0.54026025722648,0.561857766862287,0.496938096708753,0.542123078538165,0.823797133494233
0.842134050331118,0.502237252288159,0.508308279004433,0.535251025023195,0.447355003130661,0.547615439600118,0.797166087327569
0.891766244456948,0.417353816358221,0.412594061743951,0.435909291005675,0.335404586148553,0.498576066313914,0.863002831762287
0.869142362941373,0.431907608244095,0.427092583599841,0.466603931948117,0.342409332570038,0.516978761817927,0.904861473022362
0.85566766124399,0.379320354214959,0.358931034707048,0.41965423223625,0.286500668379383,0.57067206321338,0.550594349630724
0.855822098616203,0.385896268196306,0.387589600371414,0.424282306360232,0.297241637222773,0.568007135016388,0.618736349269797
0.895072093211674,0.351432951452834,0.369917234431208,0.381354100395959,0.264191616817549,0.217384424758555,0.850828277819661
0.907926890448655,0.27786010655184,0.298352098417032,0.306404447881405,0.204741631639854,0.328398903198578,0.854471873803585
0.870660362530134,0.349509968118242,0.363894318639434,0.377320435150218,0.283120200868379,0.221496211438831,0.992296139257265
0.838539693186916,0.267172313534455,0.281056203474107,0.298025358983277,0.177383632941002,0.431062414932754,0.648765552345438
0.865436497021637,0.332406152019317,0.354521682744678,0.369508407990986,0.24374090380094,0.438556986807044,0.634854709849777
0.844214744667771,0.313841909661581,0.329823410566311,0.348193608806533,0.231759980431426,0.398690764478758,0.663021721421379
0.887968681182329,0.283826334268221,0.288045350549322,0.311373807216218,0.180362710503814,0.27928967816128,0.371333297915223
0.842842357709776,0.456557697995178,0.458089068580765,0.488336093217535,0.368632015854949,0.328512750072801,0.482899461476058
0.864506348518267,0.33212574353818,0.332789884446305,0.359587693131163,0.260587029802687,0.44762685254615,0.942067228634025
0.896619423862718,0.324417785141916,0.309007337268293,0.362693681235993,0.214657895187363,0.398996081095993,0.895606172533424
0.865223774700618,0.324448382954318,0.330823332269447,0.354436052369617,0.245881835942064,0.441236485849713,0.993861282439195
0.863779815891069,0.372403799957936,0.36695703997649,0.406364317069707,0.286972999424602,0.433749084597659,0.9471719060172
0.842969977302832,0.36825724986342,0.384963600806697,0.40837266158579,0.310992088537978,0.419448302922124,0.490620693958851
0.849916670590835,0.28657378018316,0.286143415367225,0.304732845846048,0.174911569611275,0.398619535120436,0.761789466316533
0.8606368818627,0.387985369447768,0.376285775958586,0.415866483469634,0.28345088756565,0.465321634551463,0.753727882654739
0.889049127878639,0.342710274776844,0.349702596102047,0.373696279771257,0.243229716241497,0.444460298701983,0.784307162722607
0.891474748082248,0.385463248216108,0.384211712436614,0.418409039751585,0.288755933070235,0.470233069242495,0.853929850215123
0.839015226810134,0.390394544299028,0.399916798260766,0.411479349903877,0.316482792705211,0.365834973392399,0.764373849965509
0.896971979472563,0.282322641097676,0.295351211368261,0.316458078398386,0.187557888049166,0.400878546049312,0.808935399052481
0.888724089059574,0.273865501346723,0.283542152032236,0.304732845846048,0.198937791453256,0.414725671067804,0.813067975787505
0.854233680580342,0.396725079882074,0.40826059950725,0.431497774604944,0.341144884481511,0.239132356828813,0.584951645845877
0.886521650649453,0.425015208727265,0.445511276703476,0.467976685579223,0.358391283829722,0.219584534147633,0.574679592590531
0.841896215180913,0.315310317269669,0.323574146736355,0.348629118268152,0.267015330570574,0.014163285877237,0.892887663872009
0.869430709403625,0.460661117681487,0.460530902632926,0.495141921431084,0.401047054519672,0.649767099602698,0.821036080935443
0.859492811609373,0.464289287130456,0.461203716988551,0.500969287964104,0.38614642941948,0.620957199650893,0.849128166336941
0.861638470388846,0.496929838743998,0.493038479662869,0.536589682986761,0.422896198837041,0.63584065619883,0.838120217500932
0.886391920571405,0.426842345166603,0.435106273837684,0.46152902147385,0.337648740813716,0.584383900137464,0.876241109632546
0.858008551446573,0.45602955924665,0.443247470382249,0.490545469259917,0.38588676076187,0.595645026788456,0.847269137164224
