"a1","a2","a3","a4","a5","y2","y1"
0.667749,0.766805,0.418122,0.384311,0.513445,0.188655,0.05064
0.634698,0.780231,0.363676,0.382599,0.499689,0.213917,0.053616
0.610481,0.756861,0.249026,0.391954,0.511393,0.210987,0.05057
0.615029,0.774955,0.203323,0.401683,0.510197,0.245252,0.047462
0.624716,0.760675,0.197496,0.407704,0.509821,0.169803,0.047462
0.624582,0.783418,0.176106,0.431669,0.507288,0.191486,0.047462
0.6504,0.760919,0.297393,0.419032,0.509986,0.190094,0.049742
0.646079,0.783174,0.29245,0.442844,0.505629,0.187769,0.061172
0.660603,0.756809,0.321039,0.399086,0.512671,0.1837,0.048907
0.664723,0.769539,0.311631,0.370262,0.513363,0.177113,0.053282
0.666489,0.761528,0.313424,0.402227,0.513761,0.175796,0.054157
0.553646,0.765986,0.222168,0.423318,0.508309,0.477009,0.020191
0.260905,0.417683,0.062392,0.412013,0.520481,0.311219,0.034561
0.85199,0.848774,0.49606,0.377144,0.506256,0.271957,0.044861
0.843371,0.854503,0.478434,0.389595,0.504263,0.226317,0.040952
0.694558,0.826989,0.430569,0.719897,0.692747,0.244,0.043632
0.58478,0.683617,0.334368,0.728866,0.699068,0.259465,0.044101
0.587179,0.693908,0.328604,0.733209,0.690812,0.234843,0.045823
0.59508,0.680203,0.302615,0.728413,0.697221,0.212552,0.057014
0.59276,0.668135,0.294454,0.728798,0.703266,0.214337,0.058736
0.601502,0.697148,0.306766,0.760991,0.699877,0.193314,0.061318
0.517703,0.604573,0.358253,0.699679,0.70404,0.181849,0.05973
0.501789,0.589736,0.314589,0.728333,0.699713,0.183226,0.061183
0.511203,0.605479,0.292622,0.731945,0.69949,0.17358,0.053325
0.52556,0.59604,0.312126,0.761183,0.697596,0.175125,0.060178
0.533612,0.5819,0.304222,0.744163,0.699983,0.18173,0.057808
0.525821,0.592122,0.290452,0.749878,0.699783,0.195065,0.058677
0.524196,0.594716,0.281578,0.746816,0.700839,0.190871,0.055344
0.526501,0.603128,0.275748,0.726417,0.697708,0.172894,0.043579
0.509031,0.583293,0.251054,0.718162,0.698822,0.20915,0.040512
0.509914,0.596615,0.255542,0.699532,0.697063,0.215874,0.041466
0.500903,0.600742,0.263006,0.745138,0.697391,0.150447,0.052914
0.494044,0.596945,0.323149,0.759887,0.704837,0.179614,0.056543
0.496898,0.582631,0.23524,0.739408,0.706092,0.16061,0.058586
0.494403,0.612845,0.254268,0.711438,0.693814,0.180192,0.047914
0.485257,0.578573,0.245479,0.71929,0.70438,0.185414,0.045068
0.473366,0.608944,0.238299,0.699169,0.699982,0.18933,0.042934
0.48301,0.593828,0.242899,0.712867,0.702903,0.28124,0.028934
0.483935,0.598739,0.216016,0.72399,0.695046,0.195726,0.040069
0.471556,0.592122,0.214996,0.718253,0.694741,0.190223,0.042297
0.473893,0.59402,0.158379,0.140834,0.458306,0.253092,0.046982
0.372835,0.180186,0.626676,0.070179,0.412184,0.120959,0.059717
0.376197,0.153281,0.632206,0.091508,0.412958,0.121242,0.058142
0.381644,0.195719,0.630803,0.061686,0.403635,0.126344,0.045981
0.396939,0.20636,0.706487,0.046366,0.41243,0.283608,0.031172
0.401689,0.192289,0.692313,0.093436,0.411375,0.330167,0.027891
0.640078,0.445058,0.784602,0.759471,0.583213,0.196042,0.038498
0.645327,0.419615,0.788218,0.734649,0.604046,0.177894,0.054634
0.619008,0.429002,0.770406,0.713479,0.604491,0.179471,0.053842
0.623233,0.423708,0.775605,0.761444,0.603436,0.179696,0.053729
0.62441,0.442916,0.777723,0.757498,0.594582,0.179921,0.053616
0.620835,0.435741,0.738604,0.756013,0.602521,0.181723,0.052711
0.647598,0.421966,0.770218,0.715792,0.599684,0.182529,0.060547
0.662179,0.404535,0.753494,0.747928,0.609065,0.274905,0.048117
0.653897,0.442637,0.756724,0.733946,0.596717,0.229123,0.050595
0.655578,0.424892,0.750624,0.719806,0.604069,0.233464,0.050534
0.655376,0.42228,0.693067,0.687932,0.60421,0.268197,0.050046
0.663451,0.423621,0.643381,0.820998,0.600762,0.297123,0.04968
0.639237,0.431736,0.58147,0.840604,0.607071,0.235327,0.050466
0.628041,0.403141,0.596601,0.766331,0.608713,0.152569,0.052317
0.624444,0.422193,0.59363,0.742666,0.596998,0.152408,0.05278
0.621003,0.439956,0.585526,0.755321,0.592466,0.152247,0.053243
0.625396,0.427086,0.581952,0.732075,0.604163,0.150638,0.05787
0.655841,0.410682,0.543384,0.745059,0.803237,0.187768,0.049328
0.663031,0.41413,0.549211,0.771423,0.797332,0.184112,0.052374
0.666115,0.426947,0.550108,0.702077,0.793433,0.18264,0.054405
0.637444,0.418928,0.490211,0.716404,0.795995,0.187133,0.055824
0.492962,0.341356,0.644363,0.723945,0.796857,0.24259,0.036078
0.506421,0.341059,0.64164,0.745172,0.794618,0.201142,0.053911
0.494074,0.332196,0.649826,0.713286,0.798605,0.156974,0.058982
0.703176,0.606123,0.689978,0.716178,0.79341,0.290824,0.020191
0.598039,0.51078,0.586124,0.774723,0.797397,0.204799,0.041147
0.58322,0.508098,0.557102,0.727154,0.798253,0.170888,0.059535
0.580006,0.524258,0.535201,0.719092,0.789622,0.222257,0.038341
0.579608,0.527079,0.505386,0.726236,0.798264,0.226817,0.033449
0.599545,0.490927,0.505148,0.708954,0.801384,0.226298,0.038542
0.36592,0.368583,0.365619,0.775879,0.795403,0.341811,0.029672
0.382328,0.322949,0.476999,0.712436,0.804304,0.18879,0.047075
0.389754,0.321381,0.45828,0.722873,0.800575,0.178527,0.054473
0.388073,0.323367,0.461423,0.70985,0.803682,0.177128,0.055482
0.3701,0.344856,0.414003,0.754142,0.797936,0.154682,0.057262
0.376298,0.363977,0.400133,0.724966,0.793287,0.152364,0.049417
0.385062,0.347555,0.421367,0.737155,0.79314,0.150854,0.055963
0.388083,0.318334,0.454775,0.700518,0.805957,0.198819,0.060287
0.380083,0.325195,0.44902,0.745433,0.799566,0.206742,0.055581
0.392011,0.341791,0.379992,0.733697,0.798699,0.193602,0.050776
0.397399,0.334181,0.408537,0.71899,0.79375,0.173963,0.057913
0.400629,0.314172,0.418281,0.744322,0.805954,0.189625,0.049356
0.374393,0.322026,0.371853,0.748608,0.802023,0.222721,0.032241
0.386329,0.331952,0.360344,0.730647,0.799038,0.1702,0.058564
0.683358,0.850132,0.423384,0.763111,0.798018,0.453755,0.023209
0.598394,0.695267,0.261662,0.778226,0.794172,0.190332,0.054324
0.607599,0.671827,0.246102,0.707084,0.803248,0.22034,0.047745
0.608097,0.687204,0.243421,0.716926,0.798851,0.230343,0.032093
0.6013,0.688562,0.243344,0.744231,0.796377,0.186751,0.041652
0.637713,0.681039,0.293358,0.735897,0.796447,0.169462,0.059004
0.643216,0.681875,0.291472,0.711517,0.800059,0.212957,0.057759
0.689742,0.700839,0.224764,0.723718,0.797807,0.204336,0.060193
0.678397,0.68649,0.233465,0.72983,0.798194,0.19794,0.058775
0.502887,0.427269,0.375246,0.709057,0.797092,0.190183,0.058098
0.647609,0.598652,0.685127,0.075157,0.413756,0.258823,0.035388
0.653115,0.607534,0.62144,0.096815,0.406544,0.273567,0.046946
0.663222,0.59954,0.602371,0.056413,0.421642,0.227199,0.055202
0.67759,0.597956,0.572765,0.05258,0.418177,0.205885,0.060801
0.787621,0.764228,0.636398,0.093504,0.413662,0.221116,0.049412
0.784111,0.764471,0.569237,0.084523,0.416424,0.235279,0.05207
0.760461,0.749478,0.472905,0.085578,0.416351,0.220466,0.052126
0.729144,0.786692,0.423288,0.054984,0.400669,0.214283,0.053777
0.734703,0.777044,0.370295,0.05165,0.414436,0.220141,0.054193
0.727076,0.76724,0.376003,0.086269,0.409229,0.219679,0.052526
0.726813,0.770845,0.369973,0.10414,0.405559,0.219217,0.05697
0.729099,0.776383,0.339766,0.064657,0.407951,0.216674,0.042014
0.517849,0.514524,0.281961,0.056764,0.410648,0.229204,0.052445
0.514346,0.522465,0.358559,0.07967,0.408537,0.157993,0.061302
0.488866,0.514933,0.507815,0.74905,0.70302,0.211621,0.054772
0.491948,0.48943,0.47412,0.74964,0.704579,0.255142,0.056919
0.512465,0.505311,0.373447,0.736384,0.702375,0.173876,0.043163
0.511214,0.525129,0.364498,0.744276,0.692114,0.17579,0.042978
0.506507,0.514628,0.374108,0.760129,0.694741,0.176748,0.04584
0.491948,0.512869,0.330441,0.710123,0.699572,0.229391,0.053662
0.489903,0.513287,0.321918,0.725567,0.702457,0.212993,0.05715
0.490323,0.519556,0.331244,0.75125,0.701859,0.210259,0.057731
0.52983,0.521629,0.454104,0.768792,0.69564,0.219191,0.057726
0.523389,0.498433,0.44357,0.716733,0.703993,0.221842,0.044546
0.528619,0.496308,0,0.717006,0.716599,0.741352,0.01919
0.61788,0.614464,0.487404,0.698658,0.693638,0.162319,0.060107
0.847495,0.888601,0.550969,0.736339,0.708414,0.333732,0.036666
0.763204,0.85311,0.483428,0.742904,0.708531,0.292597,0.037083
0.784319,0.842905,0.422178,0.739854,0.701319,0.249411,0.040033
0.790797,0.818038,0.258442,0.719716,0.7001,0.238815,0.050675
0.790199,0.830576,0.457982,0.76776,0.704099,0.166165,0.053855
0.784266,0.8257,0.395905,0.728549,0.697362,0.208198,0.048486
0.809726,0.826484,0.402481,0.727233,0.698493,0.255182,0.056696
0.799415,0.844142,0.384833,0.698783,0.702375,0.235444,0.059762
0.783372,0.829671,0.375934,0.734808,0.700352,0.224644,0.055651
0.802906,0.841355,0.388072,0.728231,0.69888,0.1926,0.057922
0.926217,0.975063,0.514492,0.720078,0.716236,0.244125,0.05943
0.853514,0.905458,0.549796,0.724047,0.703454,0.307659,0.035625
0.856764,0.89891,0.516734,0.756364,0.697836,0.277985,0.040421
0.851269,0.898318,0.477595,0.749402,0.700405,0.250459,0.049055
0.876411,0.891596,0.47416,0.721949,0.698341,0.195645,0.05481
0.80234,0.879493,0.467218,0.736866,0.706479,0.239999,0.055275
0.856428,0.891996,0.335522,0.737416,0.704509,0.173273,0.058971
0.813768,0.898692,0.370075,0.711018,0.707091,0.219447,0.042719
0.815561,0.900129,0.365579,0.699617,0.704734,0.216562,0.048079
0.833337,0.900878,0.502385,0.739162,0.708637,0.297048,0.053959
0.766644,0.899467,0.377475,0.633526,0.708907,0.37558,0.050536
0.835772,0.913451,0.381047,0.760945,0.695972,0.247168,0.049677
0.826156,0.909707,0.317945,0.741918,0.705002,0.241175,0.054093
0.825484,0.890952,0.303872,0.742564,0.69915,0.231097,0.036422
0.810365,0.904674,0.322624,0.736418,0.692993,0.185634,0.061073
0.843068,0.904012,0.423867,0.729944,0.712866,0.192675,0.056636
0.809143,0.895462,0.463111,0.742065,0.70737,0.207654,0.055457
0.519022,0.497962,0.394079,0.704532,0.704814,0.215044,0.052293
0.616251,0.578208,0.512396,0.740988,0.710044,0.282726,0.05116
0.63502,0.603911,0.471558,0.736554,0.695984,0.198817,0.038958
0.640381,0.594595,0.461721,0.695177,0.700182,0.201951,0.059959
0.64362,0.581308,0.463156,0.765685,0.702355,0.195162,0.058824
0.635668,0.592418,0.397711,0.718077,0.699428,0.196497,0.033338
0.655029,0.611034,0.669108,0.721133,0.693638,0.185738,0.051759
0.651797,0.601334,0.613117,0.719341,0.702269,0.296616,0.058959
0.605125,0.595239,0.453708,0.71654,0.696816,0.226967,0.036033
0.602409,0.613228,0.420957,0.734218,0.699068,0.201002,0.048615
0.611263,0.612183,0.422859,0.747618,0.689851,0.197606,0.048193
0.620992,0.609867,0.417745,0.717969,0.69467,0.192513,0.047559
0.612631,0.59409,0.382859,0.742133,0.703336,0.23417,0.046292
0.523677,0.596528,0.286115,0.715974,0.705787,0.315407,0.044392
0.507157,0.607377,0.24203,0.748432,0.696535,0.290635,0.043125
0.508474,0.599314,0.205315,0.742156,0.692782,0.196962,0.056281
0.513153,0.605809,0.167595,0.729139,0.698458,0.167463,0.060915
0.500309,0.604974,0.259901,0.721008,0.699666,0.205202,0.048605
0.520699,0.597224,0.246752,0.713343,0.700997,0.208298,0.05506
0.399733,0.517702,0.165882,0.745546,0.707945,0.244247,0.049827
0.424453,0.513775,0.130747,0.823708,0.696195,0.21247,0.047335
0.425832,0.522604,0.164794,0.70832,0.699502,0.173948,0.060783
0.403442,0.50613,0.164023,0.698477,0.695644,0.18343,0.042893
0.409831,0.514576,0.157907,0.727007,0.694201,0.171771,0.054575
0.417261,0.529047,0.175103,0.745286,0.691011,0.176886,0.055515
0.409932,0.504562,0.176281,0.722811,0.698986,0.174683,0.055095
0.412274,0.513148,0.137364,0.722698,0.698247,0.171158,0.042217
0.419223,0.516108,0.166166,0.726281,0.698341,0.178068,0.060946
0.438158,0.352936,0.379017,0.718434,0.699771,0.21292,0.056139
0.442601,0.336323,0.38404,0.713048,0.702791,0.221596,0.053952
0.420388,0.360041,0.362446,0.761966,0.690472,0.232441,0.052722
0.414241,0.358909,0.335478,0.728685,0.699713,0.172494,0.048541
0.407979,0.355217,0.321186,0.7195,0.696031,0.180011,0.047311
0.403885,0.343271,0.294117,0.741578,0.70343,0.184905,0.05484
0.405598,0.355844,0.296903,0.743301,0.692266,0.182146,0.052796
0.396802,0.35769,0.287331,0.742678,0.693697,0.206949,0.049802
0.135628,0.1549,0.153102,0.717845,0.699138,0.192749,0.036623
0.133711,0.17282,0.148122,0.728878,0.690671,0.190452,0.049682
0.13636,0.154204,0.138996,0.729048,0.698106,0.189878,0.052946
0.026993,0.091477,0.066159,0.700201,0.694776,0.27687,0.035475
0.019232,0.096632,0.060859,0.755355,0.697567,0.2716,0.03854
0.00619,0.07934,0.018106,0.72526,0.701038,0.247643,0.050801
0.008254,0.098791,0.019238,0.690097,0.692642,0.20126,0.058465
0.011067,0.114046,0.029433,0.699849,0.689053,0.191983,0.059997
0.253082,0.191383,0.437187,0.252027,0.226995,0.17323,0.034257
0.244867,0.208885,0.441482,0.297361,0.223161,0.187005,0.035213
0.241741,0.204688,0.419298,0.272948,0.224134,0.196189,0.03585
0.235941,0.206133,0.418612,0.265419,0.22771,0.205641,0.036806
0.251457,0.233282,0.476054,0.24587,0.207845,0.136307,0.056961
0.25594,0.235372,0.45813,0.255565,0.202568,0.138888,0.046774
0.245338,0.21895,0.47,0.305832,0.225277,0.173908,0.037378
0.285055,0.211549,0.616807,0.256132,0.212888,0.178737,0.058854
0.274976,0.229469,0.532192,0.279774,0.217016,0.169658,0.056329
0.268829,0.209128,0.57883,0.24892,0.219695,0.200202,0.048225
0.263321,0.236678,0.566111,0.288452,0.207711,0.191006,0.050944
0.265086,0.192707,0.565621,0.251827,0.223852,0.184876,0.052756
0.255935,0.223948,0.571969,0.267993,0.212841,0.16955,0.057288
0.268616,0.198784,0.581044,0.276316,0.229387,0.204358,0.031628
0.273749,0.18541,0.580752,0.234712,0.221914,0.181372,0.046475
0.268795,0.220935,0.556249,0.229167,0.217954,0.196457,0.047122
0.23756,0.210731,0.511532,0.310855,0.220627,0.255777,0.041559
0.235728,0.209059,0.500297,0.251675,0.226374,0.278361,0.040171
0.234187,0.224105,0.491477,0.240983,0.211129,0.229123,0.045957
0.223562,0.211584,0.473326,0.28626,0.231756,0.214937,0.054057
0.228811,0.192463,0.452207,0.290694,0.22411,0.239464,0.057662
0.245581,0.214004,0.440459,0.25586,0.221859,0.196804,0.05678
0.247574,0.190652,0.436913,0.247684,0.228103,0.198989,0.045808
0.254517,0.201902,0.445765,0.300661,0.223735,0.203358,0.046692
0.24653,0.198819,0.456117,0.271122,0.223776,0.176671,0.049156
0.219426,0.207248,0.832437,0.28846,0.222176,0.190387,0.043965
0.204016,0.347677,0.662743,0.267721,0.221788,0.291579,0.025334
0.223786,0.357411,0.728278,0.275102,0.21338,0.149117,0.043491
0.209698,0.359849,0.590583,0.406241,0.584978,0.39015,0.025276
0.229054,0.348826,0.692392,0.709799,0.603964,0.167265,0.057837
0.213509,0.332526,0.668745,0.745297,0.608784,0.174992,0.050635
0.218048,0.327616,0.662297,0.72864,0.606972,0.174429,0.045975
0.233559,0.333275,0.666042,0.713445,0.593703,0.163349,0.04325
0.214114,0.345866,0.657566,0.736395,0.602287,0.164226,0.037337
0.216916,0.340554,0.62848,0.727233,0.60387,0.20269,0.033958
0.219477,0.343149,0.637139,0.730102,0.595098,0.185125,0.029735
0.216793,0.354869,0.63563,0.729082,0.597057,0.111113,0.055918
0.221836,0.327302,0.6465,0.735613,0.604175,0.137258,0.056812
0.219774,0.339231,0.654475,0.752701,0.604269,0.140163,0.056924
0.219404,0.341338,0.668231,0.759312,0.605957,0.143068,0.057036
0.218518,0.345639,0.661669,0.74422,0.593023,0.148878,0.05726
0.225011,0.338064,0.65632,0.736078,0.600246,0.160499,0.057707
0.206829,0.340189,0.662746,0.714148,0.609651,0.175024,0.054736
0.230771,0.344107,0.652067,0.735624,0.599085,0.149288,0.038279
0.223099,0.34207,0.653942,0.722006,0.60713,0.14272,0.028875
0.226308,0.327058,0.635439,0.706823,0.604996,0.141869,0.04067
0.24164,0.343428,0.74864,0.717844,0.609346,0.128622,0.051044
0.230619,0.331551,0.757807,0.715792,0.606579,0.158974,0.049486
0.429769,0.491972,0.869561,0.722652,0.615972,0.233723,0.017077
0.431058,0.527549,0.852501,0.719973,0.595626,0.230284,0.023481
0.422843,0.494358,0.79914,0.733674,0.600211,0.299461,0.026481
0.421397,0.527828,0.763921,0.735704,0.612396,0.274238,0.015104
0.439088,0.542021,0.755595,0.707189,0.591358,0.261627,0.03053
0.442714,0.501411,0.713932,0.748513,0.610871,0.314216,0.022208
0.458567,0.513862,0.68926,0.733844,0.615526,0.323859,0.018733
0.431159,0.539234,0.618305,0.723344,0.596963,0.283111,0.010913
0.46802,0.495612,0.554311,0.739548,0.602944,0.193148,0.022379
0.470408,0.532129,0.625903,0.732404,0.601009,0.153156,0.060167
0.467146,0.529813,0.637142,0.706256,0.602861,0.163041,0.045189
0.475518,0.497701,0.643474,0.705859,0.6091,0.166336,0.040197
0.462405,0.496239,0.637642,0.730125,0.614577,0.16716,0.038949
0.457676,0.51926,0.618023,0.727132,0.605993,0.189183,0.044527
0.454011,0.524067,0.527765,0.727732,0.595485,0.282254,0.018608
0.344541,0.373502,0.414916,0.756364,0.598253,0.239631,0.017607
0.341723,0.349819,0.471525,0.788432,0.603037,0.160125,0.029441
0.32931,0.356227,0.435628,0.701799,0.596478,0.181489,0.056408
0.332925,0.335574,0.43647,0.721734,0.607083,0.229659,0.048783
0.328599,0.340032,0.439807,0.725533,0.592718,0.206399,0.059784
0.324553,0.347642,0.419158,0.734933,0.602721,0.172028,0.045994
0.327579,0.344264,0.40828,0.734162,0.596212,0.181666,0.055282
0.358125,0.324394,0.443718,0.723174,0.605828,0.200002,0.039293
0.347214,0.3517,0.418092,0.728027,0.59572,0.210481,0.040034
0.35293,0.323471,0.505007,0.723321,0.610754,0.208,0.033633
0.350005,0.34752,0.503962,0.715843,0.59986,0.208192,0.033244
0.347483,0.365753,0.501204,0.73753,0.590243,0.208383,0.032855
0.345877,0.333206,0.45335,0.733107,0.611281,0.231919,0.0278
0.3498,0.329549,0.439944,0.739661,0.603553,0.236336,0.027022
0.483386,0.494567,0.727165,0.737473,0.600035,0.27348,0.031064
0.458415,0.521272,0.543551,0.718502,0.606262,0.38506,0.00534
0.463257,0.516979,0.508405,0.722777,0.599508,0.291407,0.028075
0.465706,0.52835,0.501053,0.712356,0.592894,0.278028,0.031322
0.362277,0.341599,0.615378,0.735398,0.600821,0.234004,0.045424
0.350308,0.343672,0.559062,0.752962,0.609769,0.257226,0.037814
0.354376,0.335539,0.55418,0.740792,0.598992,0.215252,0.059363
0.350465,0.325805,0.546574,0.741585,0.61535,0.218075,0.059948
0.364855,0.343706,0.499031,0.736112,0.604527,0.231183,0.044051
0.365998,0.340206,0.51473,0.771292,0.604456,0.203276,0.044461
0.350543,0.35365,0.495478,0.745569,0.603823,0.18022,0.046163
0.354959,0.323349,0.485453,0.697423,0.607447,0.171568,0.048337
0.358444,0.335974,0.485431,0.691469,0.603108,0.167242,0.054439
0.354701,0.356105,0.494735,0.748007,0.591615,0.162917,0.060541
0.348049,0.33897,0.446103,0.756387,0.600938,0.223111,0.039781
0.348091,0.342923,0.454651,0.668825,0.60129,0.186065,0.042051
0.375328,0.335626,0.503587,0.696905,0.604632,0.309326,0.017758
0.592334,0.51623,0.588451,0.731928,0.607681,0.258372,0.016449
0.605305,0.511859,0.61083,0.725226,0.597678,0.191404,0.02915
0.5905,0.529256,0.604811,0.72619,0.601806,0.203401,0.039734
0.599294,0.493017,0.665391,0.068535,0.040071,0.172588,0.054593
0.633241,0.688719,0.701004,0.047795,0.035345,0.313756,0.026113
0.609735,0.701641,0.618321,0.051537,0.028031,0.362272,0.024492
0.606485,0.682868,0.619059,0.108891,0.028617,0.353952,0.024168
0.542539,0.59557,0.512965,0.060109,0.029317,0.185633,0.056705
0.533808,0.584024,0.46408,0.051718,0.025289,0.183984,0.059305
0.528799,0.592766,0.469065,0.090782,0.022551,0.18515,0.058629
0.51972,0.609449,0.45535,0.086439,0.026038,0.184677,0.061089
0.665979,0.771542,0.43917,0.376544,0.505389,0.19071,0.068975
0.662168,0.75923,0.424384,0.436131,0.512143,0.190025,0.062863
0.65736,0.770897,0.316797,0.397861,0.498581,0.141494,0.066889
0.630668,0.768964,0.309191,0.38735,0.506162,0.172643,0.065934
0.616834,0.779474,0.303399,0.364172,0.505822,0.159829,0.07078
0.644696,0.756025,0.198217,0.360861,0.509083,0.174099,0.062524
0.649896,0.7795,0.309644,0.407602,0.507265,0.163553,0.063471
0.672883,0.752107,0.274059,0.336884,0.505471,0.169093,0.073197
0.206639,0.262869,0.081111,0.387928,0.510713,0.205906,0.073364
0.844116,0.840224,0.542961,0.390967,0.514477,0.249258,0.071969
0.856876,0.858108,0.4703,0.401881,0.503149,0.165451,0.063628
0.857291,0.859919,0.488006,0.40911,0.501964,0.169444,0.072099
0.836329,0.847834,0.433504,0.695518,0.614459,0.187922,0.066727
0.824677,0.854765,0.521284,0.730295,0.707288,0.17664,0.068542
0.502293,0.587054,0.280414,0.748778,0.70825,0.184189,0.070358
0.527928,0.610442,0.386751,0.72492,0.700111,0.160344,0.066395
0.519791,0.592522,0.356263,0.735545,0.699279,0.195766,0.071398
0.514856,0.607098,0.34898,0.779972,0.696324,0.190943,0.067469
0.525044,0.594142,0.334573,0.723832,0.706485,0.147247,0.072718
0.527446,0.585887,0.280449,0.762646,0.704826,0.199259,0.062011
0.515507,0.600411,0.279771,0.724648,0.696816,0.163435,0.065076
0.500236,0.59402,0.207682,0.758485,0.695585,0.156162,0.072251
0.489415,0.602431,0.210213,0.73533,0.695069,0.166383,0.072345
0.486173,0.606158,0.214799,0.763644,0.697098,0.139422,0.071124
0.505666,0.580576,0.289695,0.744855,0.707019,0.163267,0.068395
0.485952,0.595709,0.336642,0.730409,0.69256,0.164517,0.068313
0.490884,0.59355,0.33111,0.72585,0.700878,0.166537,0.066857
0.482848,0.597868,0.28814,0.701414,0.69539,0.183549,0.062414
0.478858,0.595187,0.274341,0.742848,0.697942,0.183244,0.063064
0.470066,0.580628,0.242259,0.748172,0.704615,0.180796,0.068265
0.467964,0.597973,0.233543,0.73635,0.701953,0.180643,0.06859
0.470195,0.620281,0.221927,0.707685,0.698552,0.180031,0.069891
0.45827,0.607812,0.176399,0.723548,0.697508,0.178185,0.067986
0.473826,0.597903,0.149581,0.750139,0.694217,0.178076,0.068624
0.463145,0.610285,0.147939,0.743891,0.69229,0.156232,0.069029
0.46282,0.584477,0.154722,0.75311,0.702633,0.156874,0.068314
0.463436,0.605391,0.14191,0.691175,0.698141,0.16014,0.067777
0.624931,0.428375,0.803166,0.725555,0.60068,0.17489,0.064749
0.626864,0.448576,0.794039,0.721082,0.597778,0.175847,0.061959
0.651151,0.442097,0.757831,0.76209,0.595814,0.181353,0.0623
0.658357,0.443125,0.772206,0.724864,0.600997,0.174297,0.072818
0.655488,0.444605,0.790246,0.731622,0.599824,0.174088,0.072967
0.665956,0.430813,0.789579,0.770595,0.602674,0.185892,0.066226
0.665183,0.419877,0.875082,0.768577,0.615057,0.202317,0.068376
0.65275,0.425832,0.595254,0.712816,0.604843,0.165496,0.067319
0.666315,0.435166,0.611693,0.768633,0.760258,0.176926,0.064047
0.669072,0.451344,0.56209,0.776491,0.793668,0.177486,0.061513
0.505736,0.353354,0.635791,0.777546,0.79511,0.162914,0.071497
0.516852,0.362549,0.667427,0.751261,0.789552,0.15209,0.067443
0.602163,0.511998,0.582105,0.764846,0.798605,0.171463,0.070948
0.597198,0.50815,0.579825,0.753268,0.801689,0.170988,0.067687
0.592365,0.522534,0.576086,0.772591,0.797514,0.17075,0.066057
0.389579,0.328208,0.424775,0.741895,0.797256,0.164278,0.07199
0.404317,0.363245,0.396159,0.736384,0.786186,0.188233,0.067662
0.598103,0.675658,0.207693,0.729297,0.796705,0.174023,0.065169
0.60046,0.685759,0.272728,0.736702,0.807458,0.18033,0.07172
0.638629,0.694361,0.285768,0.725805,0.78852,0.152263,0.065081
0.700274,0.691854,0.353312,0.731497,0.794043,0.197137,0.068559
0.690859,0.699046,0.362448,0.76039,0.789399,0.2081,0.069875
0.691166,0.675554,0.274652,0.75472,0.797326,0.173734,0.073321
0.708858,0.663451,0.305807,0.735851,0.798511,0.187586,0.068313
0.657293,0.654866,0.338244,0.702911,0.810378,0.217503,0.06329
0.640672,0.683477,0.291291,0.737484,0.7926,0.21039,0.063356
0.636889,0.677295,0.292838,0.724592,0.791322,0.209106,0.066154
0.66882,0.674091,0.272135,0.713607,0.799742,0.179862,0.071584
0.688779,0.700003,0.260806,0.709714,0.799038,0.200937,0.067279
0.689638,0.685306,0.242393,0.74016,0.800633,0.210035,0.065862
0.686421,0.668675,0.244369,0.740398,0.792307,0.220325,0.063736
0.689167,0.679002,0.194421,0.727109,0.795743,0.197467,0.068127
0.671857,0.700996,0.182967,0.732631,0.792894,0.232996,0.071501
0.682341,0.68541,0.176965,0.735783,0.792284,0.208066,0.066403
0.679562,0.679037,0.192297,0.755117,0.795474,0.174826,0.070088
0.684339,0.690129,0.229351,0.702072,0.796042,0.177668,0.069959
0.490301,0.42329,0.368532,0.716926,0.792518,0.180837,0.061746
0.485571,0.424039,0.353623,0.756931,0.795286,0.177722,0.067342
0.675185,0.589545,0.546869,0.057927,0.413029,0.173999,0.068878
0.746706,0.779935,0.440113,0.085022,0.40652,0.185843,0.068362
0.501889,0.520653,0.353172,0.058329,0.408115,0.15165,0.072278
0.497731,0.511807,0.366033,0.096299,0.411821,0.154728,0.071297
0.48937,0.499686,0.368142,0.085872,0.416535,0.159344,0.069826
0.493868,0.507854,0.359308,0.076223,0.410132,0.168387,0.072708
0.490553,0.503413,0.378476,0.758103,0.693205,0.188414,0.072227
0.628347,0.586114,0.507203,0.720849,0.706948,0.144225,0.072121
0.791637,0.822078,0.431843,0.732585,0.709903,0.20137,0.063985
0.808303,0.838935,0.40911,0.717845,0.697907,0.194678,0.065349
0.815039,0.828086,0.518591,0.76471,0.700252,0.314365,0.065561
0.818423,0.82112,0.508526,0.734377,0.705693,0.299775,0.064959
0.80726,0.833223,0.368278,0.757634,0.697836,0.196973,0.062446
0.822243,0.83681,0.409973,0.70587,0.69895,0.180462,0.07031
0.840401,0.819814,0.393557,0.727097,0.704638,0.213846,0.071938
0.840188,0.890621,0.501701,0.7377,0.702586,0.177109,0.069426
0.841455,0.907931,0.544685,0.725329,0.695139,0.234526,0.064656
0.873699,0.893216,0.535371,0.739072,0.700874,0.230945,0.07174
0.848594,0.881722,0.494275,0.758332,0.702527,0.249244,0.070321
0.830326,0.916585,0.468147,0.734559,0.696805,0.213048,0.068393
0.844133,0.884578,0.451281,0.70553,0.70438,0.203254,0.067218
0.882071,0.888479,0.422304,0.726893,0.704462,0.217992,0.070264
0.867792,0.895619,0.473873,0.715894,0.702774,0.165358,0.064403
0.866701,0.897482,0.468035,0.771067,0.705435,0.156943,0.063975
0.848672,0.921287,0.511248,0.728821,0.699795,0.15463,0.071586
0.82842,0.900199,0.380618,0.744254,0.69433,0.173513,0.062268
0.841578,0.913451,0.393502,0.713638,0.689616,0.166561,0.067157
0.830718,0.896263,0.397528,0.726939,0.701589,0.16239,0.070091
0.85716,0.904117,0.401816,0.735307,0.69956,0.165946,0.071376
0.853099,0.882123,0.39353,0.743834,0.70411,0.195956,0.067319
0.865002,0.89184,0.345181,0.73838,0.704275,0.173552,0.069664
0.779171,0.899485,0.496189,0.754743,0.705822,0.164087,0.073273
0.840222,0.90248,0.504292,0.729388,0.697766,0.144886,0.067318
0.806726,0.914008,0.312099,0.752996,0.697586,0.175821,0.067534
0.815913,0.901383,0.319314,0.742088,0.69579,0.169689,0.071572
0.838619,0.895984,0.438132,0.734309,0.69949,0.183784,0.061922
0.853772,0.908523,0.442399,0.722535,0.687658,0.159924,0.073111
0.845904,0.906537,0.465493,0.721745,0.691422,0.151918,0.071075
0.854702,0.897621,0.480419,0.744753,0.695632,0.139389,0.0712
0.841107,0.900947,0.495227,0.754459,0.704791,0.154907,0.068299
0.843741,0.897255,0.493931,0.726995,0.703559,0.161113,0.067573
0.7202,0.766474,0.369182,0.772534,0.697133,0.167146,0.070703
0.509942,0.51973,0.361024,0.715837,0.702375,0.210179,0.06187
0.500668,0.524241,0.342948,0.794566,0.695902,0.208477,0.065352
0.500715,0.507523,0.360677,0.708773,0.708438,0.202617,0.062398
0.628859,0.596406,0.475302,0.732608,0.697866,0.237196,0.063874
0.649156,0.602083,0.476781,0.748154,0.690542,0.156954,0.063934
0.58744,0.605897,0.333024,0.744205,0.704333,0.178869,0.072099
0.61402,0.604625,0.417745,0.730465,0.693627,0.157554,0.070439
0.61448,0.590972,0.431629,0.740727,0.698446,0.151075,0.068916
0.628657,0.574777,0.427612,0.706267,0.699566,0.144596,0.067394
0.631011,0.58432,0.424605,0.696663,0.703172,0.141357,0.066632
0.636581,0.584494,0.463298,0.73118,0.708614,0.168495,0.06816
0.628489,0.608526,0.457665,0.713751,0.692255,0.175052,0.063471
0.656867,0.583554,0.636852,0.72356,0.707265,0.235947,0.065846
0.512454,0.607063,0.151814,0.736849,0.69691,0.171833,0.069085
0.507325,0.586985,0.244256,0.743857,0.701296,0.211395,0.064495
0.521783,0.584547,0.211785,0.733788,0.709399,0.217289,0.063063
0.433972,0.496204,0.153211,0.738482,0.703524,0.17484,0.063364
0.409498,0.503605,0.147443,0.76882,0.700604,0.158782,0.063377
0.423022,0.509752,0.15367,0.787808,0.698177,0.153316,0.06548
0.409766,0.500923,0.174223,0.700541,0.705647,0.151713,0.06613
0.408674,0.506983,0.152304,0.74007,0.698646,0.151375,0.066316
0.417822,0.503692,0.155173,0.757668,0.700182,0.150699,0.066687
0.410492,0.509334,0.16653,0.745784,0.698317,0.149855,0.067152
0.416454,0.514419,0.162408,0.753541,0.697254,0.148841,0.067709
0.403384,0.511424,0.169905,0.721859,0.697192,0.147659,0.071256
0.406452,0.495089,0.169716,0.744719,0.704075,0.14749,0.071882
0.413753,0.508481,0.163493,0.723684,0.699619,0.174763,0.073218
0.411986,0.509491,0.171556,0.70697,0.695608,0.173735,0.07134
0.414396,0.500923,0.17146,0.706029,0.701296,0.169251,0.070714
0.416806,0.512887,0.172458,0.722244,0.699115,0.164768,0.070088
0.40509,0.496918,0.165253,0.729229,0.711944,0.150938,0.072707
0.421531,0.508429,0.164573,0.779712,0.696855,0.177995,0.064017
0.414,0.523004,0.16234,0.752849,0.693396,0.177971,0.065041
0.40376,0.514645,0.17102,0.746011,0.694401,0.177923,0.067089
0.407907,0.520619,0.146938,0.700802,0.702099,0.176921,0.069137
0.40987,0.517223,0.142943,0.6963,0.699812,0.175541,0.071185
0.300135,0.353842,0.268002,0.724705,0.699238,0.136248,0.067836
0.421374,0.331464,0.454549,0.724081,0.700979,0.197539,0.063728
0.147059,0.15504,0.137241,0.72881,0.699971,0.187581,0.06622
0.092277,0.140325,0.145635,0.699554,0.699959,0.160272,0.069547
0.009218,0.111434,0.032836,0.759403,0.696394,0.182707,0.06153
0.262631,0.199133,0.457086,0.263219,0.220147,0.12792,0.072899
0.255145,0.198158,0.471358,0.290524,0.224673,0.133727,0.072809
0.279835,0.234153,0.623517,0.27119,0.21175,0.161538,0.066726
0.277742,0.212315,0.632714,0.259964,0.225518,0.17246,0.065542
0.277493,0.215554,0.580022,0.259352,0.209769,0.204406,0.062457
0.275755,0.193038,0.579232,0.286975,0.223078,0.212612,0.061851
0.267439,0.211897,0.548632,0.259919,0.221343,0.169982,0.061861
0.239768,0.20636,0.573312,0.272857,0.214348,0.148093,0.063632
0.24438,0.187831,0.575788,0.290796,0.223055,0.145028,0.064538
0.252107,0.230566,0.591627,0.27508,0.221132,0.126636,0.069976
0.262222,0.227762,0.580899,0.259953,0.225201,0.195836,0.068391
0.222856,0.191401,0.440396,0.291862,0.229129,0.188969,0.061707
0.2499,0.200892,0.463476,0.269784,0.226948,0.190251,0.069395
0.257069,0.233491,0.449157,0.251857,0.210918,0.167924,0.06522
0.277631,0.209912,0.526152,0.284191,0.216429,0.135997,0.069339
0.134664,0.077511,0.450409,0.281486,0.222469,0.159971,0.072865
0.121114,0.106018,0.487437,0.285353,0.207787,0.155851,0.063907
0.112714,0.084634,0.468562,0.28287,0.22329,0.214663,0.065329
0.106873,0.074829,0.458231,0.297803,0.215057,0.215417,0.068281
0.106817,0.065269,0.455479,0.261132,0.225471,0.207467,0.070249
0.105883,0.067951,0.448949,0.274796,0.228355,0.167928,0.070783
0.11124,0.071817,0.430973,0.272052,0.220065,0.181816,0.061593
0.226184,0.327685,0.726542,0.727143,0.601278,0.127175,0.070648
0.23236,0.334494,0.716309,0.726296,0.585365,0.154678,0.066116
0.233989,0.315756,0.742687,0.732427,0.618106,0.155512,0.062545
0.324682,0.339823,0.424242,0.731781,0.603377,0.192495,0.062503
0.352611,0.349418,0.449171,0.722403,0.611504,0.143285,0.066864
0.347584,0.35985,0.480916,0.750887,0.596646,0.122271,0.061964
0.35803,0.337472,0.470813,0.695245,0.6072,0.181798,0.065737
0.353984,0.362514,0.47074,0.750105,0.596095,0.170588,0.065301
0.36091,0.337002,0.513279,0.706063,0.598933,0.259091,0.062872
0.356046,0.318682,0.513976,0.76327,0.612548,0.107814,0.071069
0.623782,0.519609,0.609667,0.125299,0.061425,0.183722,0.069378
0.550351,0.61288,0.559873,0.074499,0.023641,0.167906,0.068414
0.546914,0.613228,0.54257,0.079534,0.022082,0.195748,0.065207
0.536504,0.590276,0.535472,0.075724,0.022433,0.206103,0.064762
0.535274,0.582161,0.523069,0.075905,0.027464,0.216682,0.063576
0.532484,0.585156,0.516384,0.068841,0.031686,0.211885,0.063428
0.53259,0.620681,0.497684,0.075497,0.014283,0.19472,0.062094
0.532127,0.59968,0.469245,0.064577,0.023046,0.184101,0.063042
0.508065,0.584686,0.452042,0.07451,0.024966,0.164168,0.067238
0.546025,0.600463,0.467748,0.101623,0.030871,0.162741,0.071335
0.529067,0.583118,0.452912,0.105331,0.026174,0.141428,0.07182
0.662504,0.767101,0.249395,0.360737,0.508784,0.125356,0.090892
0.649044,0.766213,0.266718,0.403973,0.503753,0.138292,0.075006
0.649823,0.758986,0.315042,0.381737,0.513844,0.137011,0.0772
0.67964,0.783087,0.371069,0.400311,0.494758,0.153283,0.089668
0.612048,0.782739,0.362489,0.407715,0.511944,0.183991,0.074392
0.874547,0.857237,0.575425,0.397011,0.513398,0.141744,0.076675
0.872544,0.859101,0.598673,0.387509,0.500416,0.153742,0.074687
0.860877,0.858282,0.518029,0.418488,0.501132,0.162884,0.075829
0.865024,0.84254,0.498528,0.37584,0.510361,0.156407,0.088979
0.858535,0.858874,0.486702,0.369218,0.508625,0.153396,0.08577
0.834685,0.84099,0.536849,0.728923,0.694424,0.17303,0.078922
0.836344,0.859815,0.540976,0.722913,0.687646,0.172934,0.076846
0.833492,0.849384,0.535141,0.718343,0.697954,0.172837,0.07477
0.510202,0.597294,0.290797,0.716257,0.704357,0.168214,0.073864
0.514853,0.610076,0.289345,0.723877,0.696435,0.152239,0.07737
0.519504,0.599993,0.295399,0.737949,0.696347,0.136263,0.080876
0.527689,0.591739,0.388988,0.716881,0.704661,0.155016,0.079147
0.51656,0.593167,0.371727,0.716858,0.70051,0.162294,0.094079
0.518533,0.595378,0.328257,0.727891,0.699203,0.147849,0.079279
0.482823,0.590711,0.212452,0.757475,0.703712,0.137976,0.092075
0.496144,0.586288,0.206909,0.772318,0.707148,0.14753,0.074734
0.499306,0.598269,0.213602,0.739128,0.698259,0.148881,0.075335
0.502909,0.572322,0.238982,0.745002,0.699408,0.14967,0.078344
0.496835,0.586149,0.249764,0.729059,0.707405,0.149745,0.086768
0.512693,0.598321,0.295495,0.710871,0.697274,0.161753,0.077004
0.513859,0.575543,0.308696,0.708529,0.708719,0.153063,0.092454
0.503286,0.578051,0.341789,0.706573,0.707101,0.145328,0.082145
0.506548,0.597921,0.348575,0.740591,0.693787,0.149368,0.079233
0.460758,0.615805,0.196523,0.721745,0.695702,0.142915,0.081449
0.480875,0.605217,0.250218,0.716274,0.696588,0.154799,0.078286
0.491791,0.586758,0.238676,0.724898,0.705301,0.155784,0.076353
0.468267,0.581743,0.227355,0.739072,0.702035,0.160636,0.075001
0.385135,0.156833,0.620688,0.059962,0.414717,0.090507,0.088063
0.396236,0.187117,0.632956,0.082176,0.402973,0.116906,0.07389
0.412801,0.181039,0.772617,0.103732,0.402346,0.132773,0.093508
0.437166,0.173934,0.772076,0.063965,0.414541,0.135037,0.0881
0.639462,0.432189,0.809075,0.750048,0.607505,0.171061,0.075911
0.658055,0.43252,0.788491,0.745025,0.602772,0.168417,0.081583
0.650596,0.421235,0.77491,0.7278,0.599402,0.164888,0.086842
0.654211,0.435166,0.780002,0.716609,0.598698,0.163712,0.088595
0.653471,0.428027,0.778622,0.732279,0.601689,0.161475,0.089588
0.664561,0.418588,0.799451,0.738119,0.604667,0.141144,0.075236
0.670361,0.433895,0.800569,0.743551,0.596846,0.14049,0.078751
0.665564,0.428305,0.798186,0.81365,0.601525,0.139184,0.085781
0.654345,0.417648,0.76685,0.805645,0.602815,0.143312,0.087944
0.66367,0.418832,0.5562,0.760401,0.795051,0.167915,0.080373
0.66163,0.420173,0.551463,0.716575,0.798441,0.167179,0.08243
0.671784,0.451379,0.485215,0.767601,0.785096,0.171017,0.083834
0.64641,0.407669,0.464558,0.724818,0.802533,0.16757,0.088307
0.654838,0.426703,0.457042,0.720328,0.795427,0.184038,0.089283
0.665351,0.417683,0.502803,0.933631,0.987441,0.166783,0.082695
0.668175,0.427365,0.491206,0.948395,0.982985,0.166706,0.085319
0.655518,0.431022,0.537117,0.910726,0.983313,0.158127,0.086891
0.660786,0.427818,0.529828,0.957534,0.984627,0.159591,0.086121
0.658086,0.429106,0.529243,0.931295,0.994641,0.165796,0.083771
0.658604,0.422506,0.496686,0.896699,0.992941,0.207758,0.089034
0.666068,0.426877,0.497725,0.9445,0.985582,0.211091,0.089844
0.668254,0.416272,0.496918,0.921113,0.986549,0.207111,0.090249
0.669617,0.445162,0.506722,0.922292,0.982492,0.191191,0.089525
0.669442,0.429803,0.497965,0.718071,0.793633,0.143431,0.079204
0.667985,0.415575,0.500094,0.765039,0.79416,0.135471,0.082935
0.662157,0.449586,0.505268,0.746352,0.783383,0.128126,0.084352
0.656695,0.421845,0.504885,0.759845,0.801249,0.165375,0.073507
0.633645,0.435262,0.484638,0.761093,0.787359,0.117362,0.093784
0.505218,0.319918,0.66995,0.740538,0.802961,0.138536,0.083633
0.504943,0.324725,0.653836,0.734116,0.801419,0.162203,0.080202
0.535871,0.316557,0.643597,0.728775,0.796189,0.179471,0.085308
0.529056,0.361783,0.642826,0.734434,0.79117,0.171622,0.082995
0.514806,0.333658,0.64688,0.751862,0.789,0.167311,0.092009
0.501828,0.339579,0.628625,0.769166,0.797784,0.163354,0.073548
0.500623,0.357829,0.663404,0.771888,0.791158,0.153766,0.078032
0.518819,0.331638,0.693529,0.749549,0.801519,0.133826,0.088882
0.521745,0.321747,0.704464,0.72272,0.798558,0.131216,0.091945
0.597321,0.504719,0.573052,0.727642,0.801941,0.141279,0.08951
0.378394,0.332143,0.471861,0.73516,0.798749,0.121175,0.08552
0.389217,0.345953,0.456072,0.741816,0.794383,0.166417,0.087738
0.389848,0.323889,0.459442,0.729308,0.797432,0.165565,0.088931
0.381633,0.35109,0.415181,0.7471,0.787195,0.159056,0.07739
0.389299,0.353563,0.469292,0.736225,0.79144,0.17505,0.074406
0.381595,0.326553,0.369689,0.747485,0.794969,0.162487,0.075725
0.400043,0.350237,0.461095,0.746794,0.785998,0.098499,0.092684
0.409932,0.351682,0.468037,0.773384,0.786925,0.096732,0.084033
0.599776,0.688702,0.200724,0.754618,0.790291,0.179637,0.082244
0.603317,0.695929,0.275068,0.707367,0.793023,0.124973,0.077881
0.603609,0.672088,0.287205,0.69977,0.811047,0.173864,0.089116
0.627834,0.689659,0.255097,0.721371,0.797174,0.162504,0.078586
0.627593,0.670852,0.260024,0.722278,0.793844,0.164648,0.080758
0.639618,0.666133,0.283923,0.730703,0.797479,0.167507,0.083654
0.631385,0.694779,0.295626,0.719421,0.793597,0.171081,0.087274
0.638023,0.67295,0.267828,0.787077,0.798956,0.167802,0.087468
0.659641,0.676355,0.295481,0.72229,0.794031,0.159313,0.08399
0.623704,0.682137,0.30476,0.704487,0.796177,0.163197,0.089888
0.628501,0.681562,0.298447,0.734377,0.794594,0.16346,0.092645
0.65003,0.70939,0.332226,0.731962,0.782211,0.146975,0.083317
0.709213,0.692881,0.384207,0.716699,0.791252,0.177038,0.087436
0.69189,0.690861,0.383816,0.745127,0.7909,0.186174,0.078855
0.696833,0.689729,0.374693,0.765163,0.794758,0.191655,0.073707
0.696967,0.691662,0.278919,0.77106,0.786127,0.187463,0.079563
0.681053,0.668919,0.279271,0.737904,0.798276,0.178264,0.076592
0.684594,0.655945,0.270752,0.72238,0.809956,0.176754,0.075502
0.686488,0.678932,0.265668,0.730686,0.799156,0.175999,0.074957
0.674407,0.694762,0.327423,0.722789,0.796506,0.170445,0.090165
0.680504,0.680482,0.357368,0.716903,0.793961,0.166338,0.086732
0.680339,0.689363,0.357865,0.715083,0.788215,0.169783,0.084358
0.674805,0.687988,0.353877,0.734547,0.788813,0.191289,0.081033
0.643855,0.683077,0.288818,0.735205,0.798511,0.194157,0.080145
0.695735,0.713604,0.344003,0.731599,0.794559,0.169812,0.081116
0.695477,0.668588,0.357827,0.697536,0.799097,0.147918,0.088906
0.694479,0.677069,0.334852,0.745263,0.796025,0.178919,0.0861
0.696089,0.671827,0.340638,0.729025,0.79443,0.175655,0.079708
0.682465,0.682102,0.340439,0.738527,0.795579,0.178859,0.079075
0.679652,0.696643,0.329542,0.742326,0.795954,0.180994,0.078652
0.684841,0.70218,0.310727,0.716835,0.791991,0.190606,0.076752
0.688875,0.684313,0.306501,0.737337,0.794301,0.193809,0.076118
0.664701,0.671287,0.289772,0.721751,0.800669,0.201828,0.074851
0.679674,0.683878,0.259442,0.737424,0.795802,0.182852,0.076989
0.694199,0.685375,0.206578,0.722267,0.790865,0.183512,0.086795
0.678083,0.690217,0.207032,0.711064,0.806719,0.139623,0.090957
0.672658,0.697896,0.209612,0.703092,0.8038,0.136174,0.093566
0.548916,0.418431,0.690536,0.082561,0.40781,0.128758,0.093573
0.671366,0.595483,0.598175,0.084829,0.412126,0.175231,0.07535
0.785764,0.760849,0.658832,0.065348,0.403096,0.150121,0.084362
0.758909,0.759055,0.437798,0.062162,0.412137,0.185711,0.077699
0.75558,0.775094,0.443423,0.083797,0.41177,0.180998,0.081955
0.774098,0.770288,0.492275,0.086927,0.41175,0.135424,0.09161
0.763839,0.750279,0.490397,0.097336,0.415843,0.172084,0.078949
0.757471,0.763566,0.464961,0.059497,0.410296,0.162403,0.076322
0.741035,0.757924,0.465671,0.096554,0.416394,0.179668,0.089764
0.732585,0.782095,0.414698,0.077606,0.414787,0.219592,0.074303
0.720873,0.773074,0.345222,0.062763,0.41168,0.217136,0.07697
0.728505,0.766248,0.346804,0.057524,0.40774,0.152528,0.077629
0.493764,0.529012,0.356181,0.096554,0.408666,0.197243,0.076742
0.493428,0.525912,0.331239,0.067321,0.414823,0.147797,0.07424
0.503077,0.508516,0.363454,0.072072,0.413897,0.163961,0.089902
0.49314,0.522064,0.371563,0.08512,0.408748,0.160588,0.090725
0.494896,0.507784,0.361204,0.080395,0.415644,0.158248,0.089999
0.504764,0.519417,0.367849,0.084886,0.405441,0.152788,0.088305
0.5096,0.496831,0.407523,0.060382,0.412724,0.144208,0.091859
0.499816,0.522412,0.411508,0.11159,0.409921,0.135528,0.086681
0.494167,0.501863,0.382719,0.762578,0.696851,0.181053,0.075278
0.493999,0.503274,0.385925,0.747077,0.703622,0.166331,0.08138
0.488295,0.495751,0.382624,0.781288,0.705615,0.158969,0.084431
0.520852,0.523509,0.487014,0.720067,0.699834,0.156042,0.074733
0.630894,0.586009,0.470489,0.716246,0.70621,0.146477,0.087373
0.632776,0.620873,0.482952,0.732812,0.693744,0.146102,0.084422
0.635847,0.594177,0.476286,0.725385,0.698306,0.145726,0.08147
0.638358,0.60978,0.553784,0.720781,0.695268,0.131443,0.078964
0.638442,0.606976,0.55145,0.728345,0.694835,0.131873,0.079156
0.643978,0.617111,0.555407,0.726451,0.693117,0.133163,0.079731
0.644892,0.590676,0.561286,0.726973,0.704728,0.135744,0.080881
0.652709,0.604834,0.560343,0.725635,0.69863,0.136604,0.081264
0.777774,0.839649,0.406487,0.747463,0.691545,0.182735,0.077505
0.78303,0.838395,0.409882,0.758462,0.696339,0.17724,0.094148
0.799079,0.824725,0.45022,0.718377,0.707476,0.169389,0.085483
0.828603,0.823645,0.383827,0.734683,0.699408,0.152585,0.089027
0.830034,0.832823,0.387965,0.719375,0.700434,0.153454,0.091167
0.816238,0.841495,0.436287,0.743959,0.69691,0.160254,0.085864
0.821942,0.837629,0.438878,0.729377,0.690589,0.177037,0.081417
0.805243,0.833066,0.453519,0.718593,0.698825,0.155056,0.092421
0.832993,0.838883,0.496672,0.73838,0.700076,0.152692,0.0881
0.829956,0.839074,0.490184,0.730953,0.699174,0.150606,0.090297
0.835274,0.842505,0.490474,0.732438,0.695081,0.158352,0.09369
0.833766,0.854826,0.500258,0.69579,0.684468,0.161805,0.092357
0.831883,0.826919,0.490304,0.729569,0.704568,0.168711,0.08969
0.820295,0.829374,0.487847,0.738085,0.697512,0.17907,0.085689
0.808617,0.830768,0.44623,0.717833,0.698962,0.190684,0.074478
0.791073,0.827616,0.442554,0.760786,0.701824,0.187692,0.075917
0.798048,0.81762,0.392245,0.727551,0.702768,0.185802,0.079875
0.782649,0.828347,0.391901,0.733532,0.697496,0.190592,0.080266
0.78442,0.840729,0.372083,0.736872,0.694131,0.185825,0.081161
0.817314,0.828556,0.430763,0.738187,0.703278,0.167895,0.084293
0.810152,0.824098,0.416595,0.708195,0.706995,0.221582,0.085347
0.82706,0.85668,0.41332,0.727404,0.690331,0.189885,0.081463
0.827677,0.827041,0.414476,0.710678,0.697625,0.165423,0.080649
0.826702,0.835922,0.435024,0.72915,0.688467,0.162875,0.076392
0.843005,0.808094,0.40825,0.754675,0.703008,0.17035,0.087179
0.828325,0.83082,0.399102,0.758388,0.691457,0.20613,0.08092
0.913867,0.909498,0.514758,0.712379,0.691117,0.169954,0.078562
0.849688,0.895566,0.534392,0.761626,0.706925,0.213512,0.080669
0.892348,0.893233,0.444776,0.753665,0.698728,0.158137,0.083158
0.903298,0.904883,0.470585,0.721972,0.698048,0.168446,0.092208
0.894937,0.90544,0.4445,0.708172,0.689487,0.193146,0.087287
0.888515,0.886772,0.424223,0.735613,0.699232,0.187732,0.074665
0.911457,0.900233,0.412241,0.735987,0.701941,0.153192,0.087866
0.893267,0.881165,0.436303,0.730584,0.709833,0.149482,0.086084
0.903612,0.877891,0.446995,0.721893,0.703512,0.150137,0.084375
0.883292,0.874965,0.441966,0.730828,0.707667,0.203614,0.085401
0.873575,0.89999,0.39418,0.734695,0.697684,0.16699,0.088982
0.877941,0.909446,0.386123,0.71755,0.696887,0.162797,0.091964
0.873755,0.906468,0.456545,0.758409,0.696019,0.189585,0.074955
0.844766,0.890029,0.455774,0.720759,0.703677,0.212565,0.079752
0.857511,0.898039,0.439782,0.752486,0.700643,0.154109,0.07492
0.86276,0.888531,0.387697,0.728231,0.696699,0.19071,0.077686
0.863829,0.895061,0.392901,0.734298,0.696711,0.176721,0.091409
0.861051,0.886824,0.418702,0.750978,0.699771,0.167978,0.081957
0.868395,0.896002,0.44568,0.732104,0.702222,0.168495,0.089785
0.863937,0.880538,0.439933,0.758734,0.7109,0.175195,0.08841
0.852864,0.890586,0.344413,0.760431,0.702949,0.142184,0.074578
0.817616,0.904883,0.364189,0.732767,0.695866,0.13417,0.090959
0.852337,0.897848,0.439493,0.73635,0.701096,0.228891,0.07773
0.835246,0.887277,0.441428,0.695688,0.702445,0.166609,0.093644
0.834433,0.906485,0.427781,0.724727,0.69684,0.167254,0.09308
0.83985,0.901278,0.401584,0.727755,0.697418,0.17563,0.085746
0.838976,0.892989,0.417803,0.741419,0.697063,0.175656,0.084617
0.842889,0.893355,0.411117,0.72636,0.700358,0.174947,0.082925
0.851878,0.892972,0.373848,0.721904,0.701976,0.160519,0.07747
0.851721,0.88719,0.362289,0.738437,0.711076,0.161163,0.077131
0.865999,0.898492,0.372247,0.788851,0.696641,0.123101,0.085616
0.783344,0.89339,0.437582,0.692116,0.706291,0.141933,0.091596
0.836989,0.888862,0.349646,0.715917,0.699267,0.184724,0.07961
0.82545,0.902654,0.320402,0.740965,0.68903,0.205903,0.074616
0.82891,0.903281,0.315376,0.760367,0.693656,0.195825,0.074448
0.813234,0.910299,0.301746,0.726717,0.695608,0.161106,0.073693
0.830382,0.899258,0.310142,0.70502,0.691821,0.151395,0.073853
0.826048,0.909411,0.338214,0.712458,0.689991,0.140944,0.086375
0.825473,0.887312,0.34409,0.737076,0.702445,0.159876,0.078032
0.815801,0.9014,0.331723,0.749243,0.694565,0.156588,0.082653
0.81663,0.892815,0.339479,0.722811,0.694788,0.157537,0.084173
0.811818,0.894678,0.339192,0.736997,0.706116,0.158802,0.086201
0.808848,0.90955,0.347452,0.72373,0.696769,0.160384,0.088735
0.812819,0.904274,0.343519,0.715554,0.695479,0.161333,0.090255
0.836871,0.889001,0.370733,0.752407,0.691,0.161994,0.081519
0.851889,0.898805,0.469788,0.736441,0.700753,0.144609,0.074828
0.855797,0.895531,0.484584,0.727007,0.700006,0.143565,0.074102
0.804711,0.903107,0.453022,0.768248,0.703407,0.169759,0.074724
0.718161,0.76973,0.359545,0.750184,0.704532,0.157615,0.084223
0.684303,0.683564,0.378306,0.739967,0.712647,0.122767,0.089365
0.517998,0.500697,0.460412,0.727903,0.706901,0.159109,0.076922
0.553433,0.494967,0.470175,0.749028,0.700792,0.124643,0.087739
0.590578,0.597416,0.337254,0.750215,0.701531,0.17195,0.076876
0.61652,0.582683,0.380214,0.724716,0.705928,0.141174,0.086195
0.61968,0.608247,0.413766,0.74549,0.695069,0.132851,0.092518
0.623704,0.580158,0.420597,0.709079,0.699549,0.139857,0.088711
0.620846,0.594943,0.426849,0.727381,0.697016,0.141258,0.08795
0.603553,0.593323,0.417475,0.746363,0.701015,0.162277,0.07653
0.599372,0.604503,0.414739,0.725725,0.698505,0.167882,0.073484
0.635544,0.587995,0.479768,0.732246,0.699197,0.177007,0.084124
0.517076,0.591669,0.167727,0.719523,0.694893,0.171309,0.083525
0.419144,0.510762,0.164912,0.740954,0.698939,0.160981,0.075722
0.40379,0.523492,0.180881,0.733924,0.696289,0.136796,0.089622
0.417089,0.496935,0.134891,0.74202,0.704415,0.155224,0.082448
0.415935,0.43851,0.140212,0.721711,0.702832,0.147218,0.08552
0.288947,0.342714,0.221952,0.725045,0.700803,0.138025,0.078007
0.021378,0.099941,0.143355,0.724682,0.704032,0.127488,0.086816
0.28675,0.210696,0.631347,0.284219,0.214319,0.116346,0.086198
0.281307,0.231802,0.573438,0.257799,0.208572,0.14923,0.091001
0.277676,0.21895,0.57273,0.262459,0.211105,0.128575,0.093819
0.287251,0.195476,0.549687,0.311626,0.225365,0.144188,0.088224
0.283982,0.207405,0.551373,0.259035,0.231463,0.145975,0.073924
0.265002,0.229643,0.570519,0.258876,0.204503,0.185511,0.075214
0.271037,0.192568,0.583476,0.299187,0.221677,0.169875,0.081807
0.247624,0.205907,0.461992,0.299788,0.214682,0.139212,0.086723
0.243422,0.214806,0.467141,0.276747,0.219783,0.144152,0.08318
0.255466,0.183007,0.46394,0.298733,0.22574,0.156502,0.074323
0.264167,0.227065,0.460565,0.249442,0.215796,0.163095,0.073876
0.267428,0.232116,0.480798,0.250836,0.212958,0.155046,0.088303
0.282984,0.215293,0.536013,0.270555,0.212301,0.143863,0.081638
0.250617,0.195119,0.53381,0.259284,0.225178,0.191411,0.076813
0.252903,0.192376,0.527529,0.258978,0.226333,0.192596,0.075091
0.245607,0.208223,0.503522,0.282337,0.220417,0.196152,0.073985
0.249423,0.194936,0.500605,0.306739,0.224193,0.200892,0.07377
0.107592,0.098617,0.462757,0.236231,0.209851,0.147097,0.084568
0.109245,0.081865,0.444604,0.280262,0.224873,0.160985,0.075378
0.116653,0.083536,0.453492,0.289027,0.213216,0.163662,0.080894
0.230589,0.352762,0.679921,0.30971,0.2127,0.11719,0.091743
0.220015,0.357725,0.65846,0.737371,0.59613,0.125907,0.077961
0.246229,0.339179,0.726012,0.731508,0.612384,0.119221,0.077961
0.23846,0.34193,0.720229,0.731214,0.609253,0.130636,0.075461
0.251921,0.360163,0.752887,0.747508,0.596423,0.145705,0.075603
0.256389,0.356628,0.762655,0.747928,0.58866,0.129333,0.082132
0.477782,0.540401,0.622317,0.73609,0.595321,0.128693,0.084939
0.33223,0.316975,0.488476,0.755933,0.609511,0.145955,0.07423
0.335816,0.356924,0.495284,0.712515,0.5909,0.149053,0.07345
0.352037,0.324655,0.414044,0.757158,0.609182,0.202427,0.078585
0.354951,0.325073,0.41827,0.77555,0.609417,0.189916,0.080025
0.362303,0.365405,0.427511,0.768542,0.596177,0.152382,0.084345
0.356292,0.338865,0.45529,0.741657,0.605981,0.114849,0.088665
0.357357,0.353929,0.482608,0.737671,0.614148,0.131823,0.082751
0.352964,0.343114,0.501772,0.727211,0.605512,0.121277,0.085374
0.365931,0.369253,0.517384,0.742043,0.590373,0.109964,0.093094
0.332678,0.343306,0.469836,0.748823,0.600223,0.151662,0.081189
0.330164,0.355844,0.485218,0.731406,0.606262,0.152378,0.08387
0.312157,0.325212,0.475556,0.716246,0.620088,0.171174,0.074295
0.464411,0.498328,0.648356,0.74803,0.60638,0.141333,0.091955
0.475656,0.510396,0.525799,0.748857,0.601654,0.114445,0.084033
0.478757,0.516543,0.5329,0.740466,0.607294,0.133418,0.09091
0.351537,0.337385,0.471864,0.743732,0.598546,0.144852,0.088618
0.339085,0.354782,0.503303,0.688022,0.605183,0.150954,0.086553
0.358579,0.348879,0.48114,0.71112,0.605101,0.172924,0.087054
0.621384,0.515307,0.613831,0.121818,0.114618,0.173513,0.074175
0.604214,0.514245,0.664511,0.066244,0.025271,0.141337,0.089149
0.538754,0.600376,0.566408,0.051061,0.028004,0.174378,0.082862
0.54951,0.588517,0.566763,0.043407,0.031475,0.171142,0.075638
0.506462,0.593428,0.444759,0.062185,0.025095,0.160835,0.074062
0.506798,0.601526,0.442507,0.059792,0.022011,0.161749,0.074563
0.511662,0.611661,0.421973,0.078184,0.020581,0.162891,0.075189
0.518079,0.601752,0.434969,0.088378,0.024157,0.164718,0.076191
0.54394,0.60466,0.491917,0.065995,0.025115,0.164474,0.08304
0.53624,0.608126,0.468688,0.089592,0.029469,0.177436,0.074147
0.542685,0.598635,0.453803,0.097541,0.02431,0.157796,0.083495
0.533338,0.607359,0.453995,0.088991,0.021753,0.153431,0.085572
0.554811,0.607081,0.594603,0.066097,0.025846,0.138443,0.078961
0.624858,0.7861,0.281518,0.384164,0.499678,0.157456,0.095473
0.638195,0.785429,0.31249,0.397782,0.496365,0.146634,0.109925
0.648271,0.77734,0.34406,0.437107,0.501519,0.147756,0.097481
0.648938,0.775651,0.335899,0.409201,0.502844,0.148166,0.09783
0.653317,0.763966,0.269571,0.350554,0.508015,0.117213,0.10305
0.631734,0.773178,0.263599,0.37922,0.510877,0.125996,0.095951
0.652574,0.758115,0.27677,0.364433,0.505775,0.136791,0.097107
0.650299,0.767275,0.327,0.454705,0.507159,0.139689,0.114388
0.673409,0.770775,0.317994,0.424917,0.513116,0.153763,0.095032
0.681826,0.791202,0.351797,0.396183,0.502164,0.153552,0.099908
0.20953,0.264872,0.121679,0.440066,0.508098,0.075997,0.200315
0.213251,0.2597,0.144738,0.465217,0.502539,0.044881,0.237329
0.922081,0.775617,0.567376,0.456735,0.46771,0.010058,0.753727
0.873239,0.832474,0.590274,0.43849,0.524433,0.107192,0.119863
0.902883,0.851073,0.626417,0.441926,0.496453,0.061296,0.277127
0.847667,0.852553,0.475037,0.710928,0.694096,0.144026,0.101743
0.849782,0.864255,0.524826,0.719534,0.700839,0.15348,0.09639
0.525288,0.591495,0.325139,0.733255,0.698863,0.101742,0.125828
0.524638,0.619619,0.331564,0.728243,0.690648,0.115061,0.099795
0.530042,0.601421,0.360188,0.750479,0.692255,0.128379,0.100332
0.535758,0.614377,0.373146,0.710916,0.691445,0.133707,0.100547
0.54004,0.603528,0.383212,0.701357,0.698083,0.147025,0.098274
0.4631,0.602919,0.203845,0.74888,0.700147,0.082524,0.146531
0.373631,0.175014,0.358469,0.0621,0.414436,0.00251,0.634796
0.372622,0.149067,0.467138,0.049621,0.413744,0.017176,0.250471
0.381554,0.178027,0.51486,0.076744,0.403577,0.028909,0.233776
0.384024,0.158244,0.535376,0.06714,0.413357,0.034775,0.21964
0.395344,0.179542,0.567786,0.057246,0.409393,0.055308,0.149273
0.394286,0.197496,0.604164,0.072639,0.411234,0.069974,0.1338
0.403633,0.153455,0.730541,0.079012,0.41494,0.116855,0.112461
0.428362,0.1809,0.799364,0.086212,0.41881,0.08659,0.131426
0.551841,0.234484,0.798353,0.125537,0.406333,0.051367,0.154923
0.664118,0.30637,0.901872,0.085113,0.402205,0.042529,0.317047
0.650994,0.421688,0.790547,0.656936,0.602111,0.13646,0.10858
0.659792,0.405876,0.806046,0.698182,0.604574,0.116942,0.129674
0.651174,0.419145,0.807722,0.751919,0.609417,0.117949,0.103713
0.66692,0.419494,0.844829,0.801483,0.606204,0.118008,0.126264
0.657444,0.427818,0.804874,0.715191,0.59905,0.109488,0.117599
0.676226,0.416864,0.435948,0.763066,0.790677,0.187698,0.21233
0.66209,0.425275,0.499777,0.708354,0.799695,0.168003,0.098525
0.656332,0.439311,0.513295,0.698318,0.791545,0.145793,0.10224
0.630451,0.41312,0.490102,0.749175,0.796939,0.109323,0.101604
0.634485,0.421932,0.526398,0.742859,0.796611,0.099353,0.149607
0.639719,0.426041,0.574219,0.704623,0.786561,0.096509,0.167291
0.654215,0.430029,0.669565,0.753268,0.793089,0.086004,0.174156
0.628131,0.43083,0.690659,0.7057,0.801548,0.094911,0.176767
0.616008,0.422994,0.728313,0.723866,0.794852,0.118664,0.138749
0.510026,0.32166,0.66608,0.731202,0.802263,0.138863,0.103766
0.519754,0.337472,0.701761,0.746635,0.796377,0.128607,0.095008
0.546988,0.326623,0.728015,0.729626,0.799175,0.136369,0.10879
0.591162,0.498085,0.552792,0.72365,0.792624,0.10632,0.13135
0.5903,0.521141,0.548391,0.743244,0.792671,0.111612,0.115553
0.391944,0.341808,0.420752,0.733958,0.794934,0.11632,0.09729
0.377979,0.35264,0.447512,0.737461,0.794137,0.110976,0.105651
0.393283,0.327912,0.457304,0.751522,0.792712,0.156516,0.104904
0.388077,0.33439,0.464737,0.733436,0.793081,0.157932,0.104998
0.384513,0.359693,0.454277,0.749969,0.79674,0.160055,0.097938
0.398113,0.355418,0.410956,0.749833,0.787552,0.105125,0.125127
0.398534,0.355287,0.414886,0.729808,0.787464,0.104683,0.122964
0.399565,0.354347,0.4389,0.729445,0.788825,0.101149,0.105661
0.714843,0.737566,0.677054,0.744753,0.773533,0.050393,0.190838
0.656517,0.689451,0.30637,0.732608,0.78696,0.160907,0.106427
0.703965,0.665767,0.341734,0.720124,0.796036,0.084124,0.155323
0.724287,0.68696,0.356769,0.761716,0.798065,0.135808,0.10193
0.714658,0.681039,0.389381,0.745603,0.790853,0.105428,0.150933
0.688422,0.688702,0.335692,0.718559,0.78574,0.154999,0.096526
0.676514,0.675223,0.341007,0.738232,0.798646,0.155139,0.094448
0.676278,0.683686,0.327935,0.741788,0.792542,0.113123,0.096934
0.691173,0.68454,0.374758,0.717947,0.793762,0.11538,0.148089
0.695219,0.693299,0.364091,0.720067,0.794383,0.14479,0.116409
0.691554,0.662754,0.271271,0.718068,0.800352,0.146737,0.097542
0.531858,0.493661,0.246864,0.734661,0.794195,0.109296,0.112131
0.535467,0.508637,0.316994,0.74511,0.789012,0.087774,0.174513
0.315179,0.325334,0.190778,0.739049,0.796717,0.142795,0.106996
0.305713,0.331934,0.229646,0.72094,0.798581,0.110516,0.118996
0.490334,0.426616,0.236495,0.718468,0.771258,0.138942,0.107633
0.537992,0.420068,0.342652,0.736191,0.792495,0.038754,0.290754
0.532725,0.432363,0.37413,0.747508,0.795134,0.086192,0.141948
0.528279,0.430169,0.38682,0.742043,0.795075,0.114933,0.119588
0.511192,0.421897,0.363052,0.084534,0.413091,0.141086,0.098122
0.537664,0.421653,0.441515,0.070916,0.405015,0.071029,0.182175
0.539502,0.424944,0.452986,0.061731,0.404781,0.070793,0.183612
0.55007,0.425049,0.553325,0.082641,0.414729,0.067962,0.165262
0.554479,0.433564,0.59882,0.066698,0.410996,0.078352,0.188593
0.549454,0.444385,0.612139,0.088911,0.397209,0.101913,0.108852
0.559193,0.42585,0.636073,0.044348,0.415128,0.125475,0.126013
0.55304,0.443386,0.649291,0.049405,0.410718,0.144324,0.119718
0.541396,0.437813,0.65037,0.129755,0.413357,0.158461,0.107338
0.749082,0.788886,0.452918,0.049893,0.408397,0.166858,0.094722
0.769833,0.745385,0.524176,0.066063,0.420639,0.137619,0.115978
0.510172,0.496709,0.344541,0.082459,0.415855,0.169412,0.095538
0.49834,0.515446,0.364834,0.073592,0.411264,0.159924,0.095933
0.504568,0.518633,0.511459,0.739707,0.697004,0.114054,0.107066
0.500063,0.502334,0.511527,0.728401,0.703923,0.121895,0.104635
0.519877,0.501271,0.531574,0.729626,0.699997,0.145418,0.097343
0.484267,0.520967,0.411926,0.76446,0.693967,0.113012,0.117991
0.497518,0.513949,0.472673,0.728923,0.698798,0.100209,0.138347
0.522517,0.516422,0.427978,0.768095,0.692008,0.09893,0.146802
0.528451,0.531398,0.475414,0.711858,0.705189,0.107399,0.125108
0.524775,0.52431,0.080103,0.706902,0.69467,0.241394,0.155732
0.662997,0.595396,0.445705,0.712674,0.691715,0.050589,0.3308
0.641893,0.599262,0.518302,0.767341,0.694541,0.12155,0.099986
0.767665,0.656328,0.630213,0.747871,0.698059,0.101284,0.160437
0.809547,0.819762,0.362886,0.746454,0.697203,0.131396,0.105582
0.798995,0.824934,0.38814,0.778907,0.703547,0.120754,0.101108
0.822604,0.830001,0.449037,0.789637,0.692126,0.134907,0.113704
0.815308,0.817898,0.460704,0.804142,0.703395,0.141369,0.117495
0.794831,0.824516,0.493125,0.746125,0.710748,0.09444,0.187371
0.815644,0.820824,0.543078,0.731724,0.694471,0.07345,0.193622
0.838896,0.833136,0.612082,0.733804,0.697579,0.064608,0.177695
0.834786,0.835574,0.601991,0.750683,0.70071,0.095525,0.100873
0.84211,0.836271,0.606684,0.739616,0.695503,0.137143,0.102737
0.839157,0.829932,0.431487,0.734683,0.69256,0.157298,0.096537
0.810903,0.823053,0.445689,0.733538,0.7018,0.190463,0.105991
0.808168,0.8226,0.443655,0.71645,0.705705,0.19382,0.1005
0.809334,0.832439,0.432687,0.745059,0.705283,0.197176,0.095008
0.829356,0.834634,0.452218,0.758167,0.696218,0.179822,0.103401
0.822813,0.830472,0.466425,0.727869,0.695726,0.176691,0.107061
0.796501,0.823872,0.401936,0.71908,0.695386,0.177116,0.094857
0.806106,0.830211,0.39649,0.711982,0.702516,0.141643,0.110926
0.812842,0.830419,0.414103,0.704328,0.701202,0.153675,0.112344
0.81784,0.834738,0.420445,0.729116,0.694541,0.156957,0.105871
0.817599,0.843358,0.417587,0.730669,0.693029,0.158051,0.103713
0.817185,0.834668,0.437596,0.724592,0.700053,0.160238,0.099397
0.804223,0.830803,0.426475,0.692864,0.701425,0.144715,0.105223
0.830807,0.816679,0.416026,0.738148,0.692524,0.132658,0.098445
0.84766,0.842052,0.574151,0.717572,0.690003,0.082803,0.199645
0.856514,0.830489,0.586986,0.74651,0.693943,0.083336,0.233276
0.855963,0.826484,0.630202,0.745116,0.699502,0.084937,0.18786
0.992342,0.979573,0.573495,0.724898,0.700622,0.163349,0.096113
0.821931,0.902637,0.563823,0.728764,0.688074,0.058086,0.248861
0.853215,0.904012,0.516548,0.730397,0.693799,0.156895,0.100353
0.906738,0.893006,0.459983,0.739434,0.697332,0.116865,0.126972
0.891732,0.90201,0.494989,0.739049,0.699349,0.09967,0.157646
0.884671,0.910908,0.493439,0.753552,0.693603,0.095371,0.158249
0.87093,0.896454,0.577122,0.751704,0.685359,0.04442,0.264512
0.868924,0.915192,0.501179,0.66359,0.683894,0.102796,0.117145
0.867299,0.903316,0.363505,0.742031,0.693345,0.141665,0.097686
0.87173,0.900112,0.427918,0.73931,0.695608,0.130906,0.101282
0.835111,0.901557,0.354208,0.722414,0.697027,0.125321,0.109826
0.831917,0.897177,0.378663,0.741328,0.697707,0.128184,0.107339
0.818367,0.889454,0.378831,0.728549,0.697743,0.122504,0.101679
0.826381,0.886076,0.535103,0.734853,0.699865,0.046083,0.199482
0.825921,0.901017,0.581804,0.757158,0.693779,0.08277,0.139317
0.826515,0.896019,0.583433,0.712402,0.705518,0.097447,0.133053
0.842049,0.871239,0.438222,0.750604,0.703184,0.164676,0.095336
0.867529,0.896385,0.39019,0.760911,0.694248,0.107055,0.108538
0.818927,0.898039,0.47595,0.725226,0.699068,0.106515,0.148459
0.842088,0.896176,0.393524,0.759698,0.705307,0.143614,0.096517
0.857437,0.884447,0.434762,0.730964,0.70397,0.15415,0.112609
0.64579,0.629093,0.395845,0.736498,0.703043,0.117774,0.122905
0.641944,0.616972,0.40183,0.70367,0.710736,0.116775,0.129613
0.533214,0.50606,0.402308,0.720816,0.701636,0.10479,0.116385
0.543537,0.49347,0.473736,0.730499,0.705594,0.117728,0.14816
0.518824,0.518355,0.393639,0.73711,0.687083,0.120498,0.123138
0.536509,0.5132,0.38449,0.745943,0.693486,0.141881,0.097612
0.558958,0.498677,0.450707,0.72301,0.708801,0.083275,0.140683
0.56065,0.513496,0.524829,0.755774,0.702445,0.106194,0.132238
0.615242,0.555569,0.534294,0.744394,0.680903,0.111936,0.121371
0.615182,0.595918,0.373168,0.730216,0.701015,0.167554,0.098594
0.618246,0.600812,0.400103,0.710735,0.695128,0.154858,0.103884
0.639686,0.600429,0.469735,0.767042,0.698141,0.151469,0.102302
0.638475,0.589092,0.465345,0.750827,0.701073,0.153598,0.100613
0.640276,0.599018,0.537019,0.750887,0.682885,0.033195,0.260643
0.649232,0.605705,0.695262,0.716144,0.690578,0.034439,0.392273
0.535971,0.586114,0.268426,0.73863,0.703196,0.110763,0.107943
0.519713,0.61173,0.292918,0.738879,0.694717,0.126029,0.097912
0.539771,0.617181,0.312104,0.751182,0.691621,0.127784,0.101575
0.515544,0.598513,0.337154,0.751783,0.698036,0.129304,0.100703
0.295817,0.336253,0.21015,0.680175,0.720018,0.116381,0.102727
0.43312,0.350777,0.407706,0.724784,0.690953,0.047787,0.273325
0.030232,0.094838,0.068347,0.741351,0.694623,0.101499,0.103814
0.028237,0.11079,0.079673,0.727744,0.681079,0.096903,0.107436
0.009267,0.08681,0.093399,0.703149,0.698024,0.099393,0.108882
0.184324,0.062308,0.246679,0.698999,0.698769,0.093909,0.794237
0.279103,0.194553,0.504667,0.262198,0.228731,0.047315,0.193438
0.273794,0.211305,0.465187,0.258003,0.221578,0.140212,0.104707
0.278961,0.211027,0.472118,0.272256,0.21562,0.139116,0.10075
0.277803,0.192115,0.483799,0.28804,0.224673,0.13802,0.096794
0.289053,0.199516,0.534422,0.27182,0.212743,0.111599,0.120393
0.279992,0.225777,0.593565,0.290552,0.204081,0.088598,0.145973
0.27775,0.192446,0.593863,0.271247,0.227605,0.131059,0.099725
0.275811,0.221371,0.595912,0.219188,0.212841,0.145951,0.09653
0.241214,0.199168,0.454455,0.26306,0.221484,0.125627,0.096467
0.241808,0.194797,0.486292,0.264149,0.226092,0.108193,0.101181
0.126544,0.113315,0.673375,0.267766,0.213533,0.035232,0.291847
0.162996,0.088621,0.71992,0.276004,0.212782,0.037292,0.325029
0.258339,0.32718,0.803258,0.739616,0.608514,0.092626,0.106939
0.36741,0.329584,0.535978,0.702514,0.602779,0.105742,0.138679
0.465835,0.509508,0.663287,0.75942,0.595778,0.13514,0.09701
0.392773,0.326397,0.668679,0.755831,0.606403,0.123683,0.116176
0.348055,0.345378,0.515036,0.739026,0.603635,0.155453,0.096632
0.481738,0.336027,0.520874,0.756047,0.586385,0.10494,0.205864
0.413832,0.323088,0.62352,0.716507,0.610847,0.035075,0.440343
0.665168,0.508794,0.79442,0.703693,0.592612,0.035081,0.330567
0.6129,0.517693,0.745095,0.706517,0.612829,0.088055,0.111067
0.614225,0.520096,0.627455,0.713422,0.603471,0.125853,0.102958
0.618212,0.504737,0.662043,0.092971,0.026667,0.118129,0.115392
0.611252,0.520514,0.694781,0.101793,0.025705,0.115509,0.107588
0.539143,0.413329,0.653171,0.113053,0.022316,0.094033,0.094668
0.540096,0.599209,0.490378,0.077289,0.026163,0.116092,0.123798
