"V1","V2","V3","V4","target"
"0.822858749972957","0.877274581192679","0.0571003941671872","0.489711485128709",1
"0.76681161615069","0.628108079791354","0.259115600835721","0.828574156414523",1
"0.618573725922881","0.858767357538158","0.12985116419325","0.710407630686416",1
"0.700517058607187","0.630042619748772","0.243723695263532","0.830572756121735",1
"0.489942957690616","0.508710294222199","0.439093630861352","0.79130090837175",1
"0.70168530817991","0.740610745864313","0.207624442673444","0.714287532847777",1
"0.769530320403262","0.545799204481248","0.297835311348999","0.847856369968266",1
"0.492965262603754","0.860395065239273","0.0681370754087061","0.158023950462369",1
"0.507338193828469","0.863104169551015","0.209949813686002","0.598707002373223",1
"0.71380048893408","0.774216361642974","0.193524457750878","0.821283541104049",1
"0.734107839531546","0.361594330338601","0.424589139940121","0.867256790056103",1
"0.637200816332418","0.473558169034638","0.294289960583281","0.75355847131673",1
"0.682603898492093","0.872088367689815","0.095082602795787","0.524982496340144",1
"0.614607446509314","0.801161472345807","0.107631335214423","0.6832428598707",1
"0.783311338511131","0.924276044258682","0.0549206280827967","0.320048737463288",1
"0.61730451651054","0.728453453172533","0.231801236349538","0.774840375714922",1
"0.636335446278548","0.774216361642974","0.17281754151679","0.633978013584659",1
"0.877795325559426","0.839799885499182","0.103164107092855","0.640097474926576",1
"0.653065933986688","0.745179552997789","0.244055829581924","0.829044254707803",1
"0.808810909431812","0.640108214498198","0.166355784349624","0.832218554788729",1
"0.785337746720608","0.89531407274918","0.0616020849936459","0.393300417359993",1
"0.380921474879028","0.961440165839093","0.342977146918819","0.475017503659856",1
"0.860120142209145","0.575220676003847","0.227704094600125","0.926402793311329",1
"0.800272591566969","0.423383611415657","0.325961186378616","0.871136692217464",1
"0.574879749619598","0.373287632789143","0.427725246085252","0.750384171235804",1
"0.80677728980522","0.786916223568459","0.145208607060547","0.699002518708457",1
"0.797842343999019","0.433370627172616","0.333896224179895","0.881011484219428",1
"0.904059306694359","0.573286136046429","0.229512740431215","0.952617365449139",1
"0.655424067383481","0.591329369459713","0.321459495552157","0.769666930358166",1
"0.626145713894237","0.64816069029774","0.28787128179723","0.744151959045982",1
"0.626621667423865","0.533410290854528","0.432119240958925","0.888658537694245",1
"0.837332064123921","0.348662473292497","0.364572339371486","0.777662238468043",1
"0.730913181749346","0.406193521349164","0.323488487302647","0.797533120561572",1
"0.622785193518378","0.691442747720274","0.286983867146273","0.784716986278949",1
"0.715307675111236","0.363454033160335","0.383914532491869","0.747679969448157",1
"0.531077602059581","0.481764809333688","0.576147500376936","0.840213862898606",1
"0.53965558271856","0.625705807735915","0.413922932776186","0.842330669139911",1
"0.688611008949369","0.558730313155994","0.396794968445086","0.788714913118197",1
"0.662621061664828","0.742855859934817","0.202825941801107","0.574483755694372",1
"0.369541858670647","0.952770283670163","0.337368341697719","0.479363866990371",1
"0.661250892412868","0.709717976254177","0.150300471708273","0.670312883602935",1
"0.720564798188492","0.599535261387406","0.28569151571284","0.773899724487847",1
"0.581326756520924","0.602554939812234","0.440239515798996","0.852677377997218",1
"0.577363361674203","0.725512353740173","0.323083550520171","0.765904689162279",1
"0.924820976570106","0.724120383016461","0.12394511814246","0.772136082999173",1
"0.547337184230073","0.903602285526124","0.161225149158895","0.398710639497349",1
"0.345383611333463","0.946884342948658","0.339285329657312","0.479600280058558",1
"0.650751069092587","0.861944193947921","0.076037650505094","0.607054202242287",1
"0.414086782193569","0.899576047626353","0.100506170978095","0.244087400092747",1
"0.570441843526671","0.898644325287094","0.16347814849118","0.412813588295735",1
"0.604100411771917","0.744330151507781","0.247746785275809","0.822577448011857",1
"0.623362106887625","0.7445621466284","0.250515432830034","0.820813442810769",1
"0.711896674815568","0.752921454684244","0.196034204234605","0.723928639624649",1
"0.792203015814638","0.608979707910659","0.293260387274646","0.859379688480319",1
"0.814017552589259","0.560200862872174","0.256421048097013","0.863376887894742",1
"0.773893227758187","0.885327056992221","0.0520085295194607","0.38024314174782",1
"0.620859745148519","0.812001631449558","0.225267969069722","0.580012184365822",1
"0.799212513250979","0.534649219635768","0.27199689835656","0.877838093419533",1
"0.621061664827755","0.811459062215853","0.240217115040817","0.577657146494267",1
"0.698324787804051","0.79922693238839","0.215412583195124","0.625630813715595",1
"0.639357030049975","0.26186636332681","0.589027936330153","0.728044045573165",1
"0.737417879987596","0.7859845012292","0.181566760721132","0.541685988888586",1
"0.69231046592966","0.613473677908452","0.307467637366188","0.813876537821545",1
"0.862990286221145","0.541153315098018","0.26103517349818","0.887249152095438",1
"0.871499758417527","0.495547564612512","0.24944493505934","0.877838093419533",1
"0.780123892146046","0.783971382279315","0.162259030305641","0.813759240568482",1
"0.787969913967794","0.401856709336307","0.336851401124346","0.795651818107422",1
"0.575784782467603","0.734496551878973","0.308540289055937","0.747679969448157",1
"0.563914789895362","0.739061617155665","0.279156525297779","0.745210362166635",1
"0.822498179117178","0.532713557121315","0.289236866478558","0.960964565318203",1
"0.66958007918136","0.360355775743039","0.453158722295216","0.740743064458932",1
"0.619453518810982","0.858924515523093","0.157386865401598","0.619284032115806",1
"0.543582920479703","0.897948339925238","0.180459646326491","0.412113441901488",1
"0.843166100570423","0.334649219635768","0.376565360673746","0.754381370650227",1
"0.680995752475319","0.576073819350638","0.358295819243113","0.842447966392973",1
"0.561806171530768","0.787612208930315","0.277274000043078","0.728279549360321",1
"0.639198378873432","0.27309193367933","0.574557908113813","0.739213653763969",1
"0.853449581377236","0.579246913903617","0.225489435027032","0.912990898096875",1
"0.847593910679388","0.593031914296512","0.216076851831908","0.889831510224865",1
"0.535968385147365","0.510026679438871","0.226338380683654","0.809172827045655",2
"0.250524630595158","0.208050979056828","0.662075947185905","0.865258190348891",2
"0.481509205373948","0.623614109793562","0.0706485450276779","0.49900433727052",2
"0.583930078099647","0.559736872630937","0.113942318047688","0.787303708957327",2
"0.184915157677635","0.791174456588849","0.214268421392724","0.161197341262264",2
"0.247611218080465","0.639797640385112","0.205335688284834","0.452321849113906",2
"0.198234645090107","0.640418788611285","0.260998126090422","0.686539003609846",2
"0.385132942474526","0.514982170052423","0.18492385896138","0.728985151440756",2
"0.321203729744932","0.660007408876433","0.213345682469253","0.660910917737345",2
"0.525426735607814","0.57049845274222","0.166579791931419","0.724046846158742",2
"0.346732146334076","0.252264758818621","0.55052878712818","0.833041454122225",2
"0.303990077090049","0.177079630454224","0.618411700088311","0.687950207770716",2
"0.371041833430687","0.261323794093105","0.455002477006914","0.747679969448157",2
"0.469870699291118","0.506077897974533","0.208067288431301","0.815405039235476",2
"0.209217633357131","0.644909016752293","0.207107502100071","0.42375223910454",2
"0.265502743944212","0.503135301799459","0.319576970297456","0.831983051001573",2
"0.322494573408621","0.259232096150752","0.615417752600857","0.971430389990634",2
"0.413610828663941","0.52481562000696","0.260555280332565","0.938741736908626",2
"0.523289992716469","0.489352920706313","0.265501109268314","0.804234521763642",2
"0.508127627660112","0.538907826841835","0.200094341654641","0.846210571301272",2
"0.297651241445456","0.667053325201031","0.208030241023542","0.410585849768588",2
"0.382919037420043","0.16802059517974","0.560238654231374","0.621166243850987",2
"0.405620578499881","0.431046934109644","0.293109612940746","0.833629758949598",2
"0.538721704202093","0.479829146819235","0.181489219635126","0.806468625258008",2
"0.264139786109368","0","1","0.592478427307528",2
"0.232597047645833","0.707704857304292","0.199688543304543","0.283477454376824",2
"0.361183826233693","0.46263943093842","0.277610011415771","0.810466733953463",2
"0.285247604006663","0.267052576829674","0.68178430654576","0.696180110386717",2
"0.374863884501943","0.191792611329594","0.558541366015465","0.716638933595206",2
"0.378202770626456","0.262098358447429","0.515277747862235","0.859026887440101",2
"0.581348390772271","0.556638615213641","0.128636353845823","0.831278358202169",2
"0.527544728814659","0.697871257675484","0.0157968423546643","0.248088236631296",2
"0.312925022896249","0.576462972456192","0.263729295453077","0.768961419205834",2
"0.333333333333333","0.506232810845398","0.257934391625563","0.815287741982414",2
"0.48831534084763","0.637631105307075","0.0745212914898658","0.496412886330778",2
"0.457442543034132","0.389003431282671","0.405246946819738","0.914054756903716",2
"0.40110623138553","0.121561701347443","0.654950782949577","0.731571146694309",2
"0.217835276810246","0.0363895572260867","0.900596635578435","0.690301608518145",2
"0.477803258118253","0.527525846875737","0.213234971029789","0.7445047600862",2
"0.308720766717868","0.122104270581148","0.616451633747604","0.599534448111878",2
"0.481856074537207","0.348894468413116","0.318469855902815","0.863024086854524",2
"0.217806431141784","0.20464588938323","0.768565705300795","0.639979268392482",2
"0.366844788669421","0.25435271490419","0.46629762853512","0.765551888122062",2
"0.318896076267947","0.258846684901982","0.495530617959377","0.720637042290661",2
"0.456277899169966","0.349051626398051","0.32352725784565","0.822577448011857",2
"0.249680894792636","0.53255864425045","0.328765588989166","0.735686552642825",2
"0.151144091325386","0.649013833644531","0.263360544510737","0.641270447457196",2
"0.252846706906374","0.526751282521413","0.256014818963103","0.750384171235804",2
"0.330715588920379","0.344868230513345","0.505718655092942","0.772136082999173",2
"0.332129026675032","0.650173809247625","0.166691795722317","0.514052938341653",2
"0.227354347402808","0.22229996969096","0.650780795657699","0.820460641770552",2
"0.0282038523390231","0.769568975517031","0.257270122988778","0.0872455149713121",2
"0.454237068126257","0.503058219549705","0.209285545049217","0.798473317148131",2
"0.51579084005798","0.58923767151736","0.0826803368729403","0.717932840503014",2
"0.5456042806972","0.651722937956273","0.0521894587201413","0.59624285077789",2
"0.555693774383604","0.513665897091455","0.219620479462382","0.798591523682224",2
"0.490501121375361","0.448626177281691","0.319688974088354","0.890186129827146",2
"0.621847709293353","0.547889779866565","0.128041872186443","0.852207279703938",2
"0.324528193035213","0.490746762358418","0.343347620996403","0.88594888022041",2
