"V1","V2","V3","V4","V5","target"
"0.385968687068547","0.608656529034506","0.251109091890762","0.307069697022281","0.285683738591487",2
"0.431804005667879","0.622963145068705","0.252221915305643","0.307734340656163","0.36098592965012",1
"0.347244835276898","0.470960720056711","0.758466091133585","0.217105653212559","0.444859002431218",1
"0.311976899045564","0.285039305004929","0.443275213079241","0.516358150551815","0.320799145600878",1
"0.319446231307075","0.322706949473348","0.460410924649564","0.216990691735499","0.320799145600878",1
"0.365640006873383","0.544865556237126","0.224245066602638","0.470132249080308","0.597161081470039",1
"0.336688248023829","0.784001484603799","0.262017488593975","0.647779182862497","0.224577146779172",1
"0.388616004157154","0.837534937119153","0.244066001355879","0.303200411836839","0.282504619199506",1
"0.457260365454567","0.485865086033029","0.683118603315399","0.521204969806344","0.493014579687716",2
"0.498933206039704","0.477584750111584","0.433242849248084","0.400604415388353","0.350596847023358",1
"0.322023601966071","0.470329703771419","0.526301532578417","0.434222874875639","0.320799145600878",1
"0.715736674909402","0.4016766236959","0.499555994698103","0.551319996355938","0.256696778761734",1
"0.308135464791807","0.340579031284087","0.651810839552387","0.71471676817982","0.320799145600878",1
"0.363331922574478","0.409564178085625","0.765915134637997","0.232772950359779","0.25299825556824",1
"0.351001683150659","0.316311308527879","0.725477759471299","0.629027989866037","0.569792872635199",1
"0.390093160363059","0.818912796234548","0.242217929485066","0.529164606036417","0.253362787306013",1
"0.370759996793999","0.333816416328732","0.635693972270998","0.785972819925499","0.181745602287678",1
"0.345005514381311","0.482599614050749","0.557640622716745","0.433043977464658","0.359911172171575",1
"0.374145818046415","0.6394363995255","0.705766651304458","0.521168818398464","0.245797639301094",1
"0.351912613396767","0.532112015982166","0.482800806451464","0.415417635524398","0.355299809738879",1
"0.497083692307874","0.683579792680569","0.582335572923471","0.436787094236598","0.369259290202782",2
"0.41195903534853","0.439434221549669","0.694578159951367","0.513636672566577","0.264749119479699",1
"0.436262388133773","0.660607070485265","0.66668331264257","0.457744065384882","0.280231580470129",2
"0.729098069626421","0.300472053884912","0.490601626723388","0.5899345804123","0.236227926237183",1
"0.548983055810153","0.577946920640528","0.465520625009099","0.628998345711575","0.238706598254533",1
"0.480390156156513","0.616083277441899","0.585427854712694","0.488510721061521","0.533149308317205",1
"0.318969767467309","0.323764908692093","0.546118597602943","0.733649622000879","0.133619503929106",2
"0.30784532759329","0.285607965543826","0.42352061653255","0.480102626616691","0.320799145600878",1
"0.41929823471774","0.737824816751677","0.56492842752468","0.27816899626339","0.374836985289455",1
"0.348637405102806","0.437073206242974","0.770990744530277","0.574806300756577","0.151631254361619",2
"0.385135984436106","0.738341862246907","0.563626171675539","0.461144286053076","0.320799145600878",1
"0.322805434467885","0.397115256094155","0.465149683870805","0.607646601189237","0.542065021245657",2
"0.355713085365107","0.386197928476467","0.54223652261018","0.701264287036394","0.320799145600878",2
"0.313200148233195","0.300005728374788","0.444575441927626","0.579590035804354","0.661216425872004",1
"0.349274760518509","0.423735789453585","0.769845857648897","0.599874229251984","0.581415179791798",2
"0.35348544685417","0.435916343053271","0.689176018664623","0.499700124071632","0.18712140287343",1
"0.170270608391974","0.317294530356806","0.39608166012099","0.392274950255663","0.300355170390187",1
"0.177815654336279","0.108304174314445","0.284982670064903","0.326408711910877","0.298611601427469",1
"0.345855075138436","0.443774211334067","0.661637554943238","0.487832520649684","0.240899396861748",1
"0.311089037812182","0.312420190611671","0.5599351875722","0.755441690671202","0.320799145600878",1
"0.341542352784947","0.431839202132865","0.89936807330077","0.208712019330881","0.513216827935412",2
"0.49739541973625","0.710322799886387","0.269281706484025","0.316456771592513","0.418331014087031",1
"0.364147027690801","0.333869672313094","0.559617316999147","0.609298539772333","0.320799145600878",2
"0.334328849959437","0.562903969763728","0.460555025976015","0.420523118102311","0.295048824963939",1
"0.325489573249883","0.319556194163263","0.540662648659775","0.762923586046135","0.194168728871359",1
"0.865340405464517","0.353324814364855","0.336478808536327","0.338511841755165","0.306706650597552",1
"0.323563458565539","0.493609132700189","0.595168883253417","0.495192947294139","0.320799145600878",1
"0.357269947967546","0.4524928275974","0.603115831852548","0.489361002174869","0.267148845570407",1
"0.358274041534279","0.675453705184418","0.570069638532326","0.253061301219315","0.320799145600878",1
"0.85016217811703","0.32399180603723","0.578691578383106","0.299137535862197","0.296924977067574",1
"0.473634484506644","0.580134443762874","0.485016318277447","0.708467093542491","0.231157411994345",1
"0.399532822916639","0.431032903546103","0.782442193163221","0.758895596180098","0.320799145600878",2
"0.347156256183161","0.475351579002642","0.630244104330097","0.267770405300664","0.269922162767519",1
"0.438685817496308","0.533577376022455","0.465720008174341","0.429657494331459","0.240357847936916",1
"0.329689464470615","0.443143195048775","0.504584246481818","0.678684840702436","0.511754099400256",2
"0.33592726636044","0.320372636747047","0.799803638908611","0.547404798882488","0.474713792256023",1
"0.517388564098878","0.446317669410717","0.316306281288369","0.386066488223317","0.344240477632922",1
"0.386038189863298","0.738899334553796","0.228955632086095","0.301198889139539","0.282935586307239",1
"0.378673259672201","0.610581203292861","0.698462999036069","0.225230862890724","0.320799145600878",1
"0.305190764468633","0.279081646048495","0.434495351442312","0.587227382233174","0.320799145600878",1
"0.46022621237274","0.496418870698647","0.316737479630946","0.335885803486731","0.345976137623026",1
"0.375731960549622","0.449367581456296","0.870153095681622","0.198795868906319","0.249024212528762",1
"0.635285711201396","0.57887241119229","0.486849095506195","0.317983987818422","0.295404153533578",1
"0.394951997229352","0.61778180023725","0.640399193843372","0.279131708255246","0.28302416680052",1
"0.317063320595098","0.421870785765943","0.623294808648365","0.28140707786724","0.279239939103787",1
"0.339760715186716","0.703477988719875","0.279169231897547","0.464312233925638","0.687956806080763",1
"0.308405046908471","0.310293680647879","0.447912806535493","0.526279181416441","0.140565738877073",1
"0.799838457759602","0.427309907462879","0.436608591866531","0.417269852907152","0.397866763146546",1
"0.381999338096789","0.701167693398287","0.660181984127847","0.515523776057935","0.253596173897888",1
"0.363683281383691","0.874277836917943","0.242281687872473","0.28096566917702","0.280981207274472",1
"0.672189329161982","0.452159865812821","0.454830038750726","0.458009055204646","0.262192076733715",1
"0.331978176713961","0.352855654502622","0.62961481273185","0.783837537019042","0.153133383960345",1
"0.384118729701857","0.631185749712984","0.255241409340456","0.3165149753592","0.352924817162528",1
"0.548029092982613","0.508401318003566","0.521136918925682","0.437930020996738","0.400137644883391",1
"0.333175399323132","0.359279788145606","0.616562402047492","0.524982068901691","0.649972311405875",2
"0.346865675349784","0.612025529456974","0.674612202507695","0.584498131695241","0.580183537056485",1
"0.352325785329823","0.397822054004253","0.703946773171429","0.562409621480299","0.458649949878684",1
"0.322412965494968","0.348715859482966","0.685928210635599","0.606738839337359","0.320799145600878",1
"0.749869645290269","0.43596184186344","0.441753488330096","0.448096881434951","0.375136807251291",1
"0.370230888284165","0.359012165635957","0.741773739910373","0.637324557217556","0.711649355842941",2
"0.407239499828313","0.75357754906711","0.275785799090687","0.416947743862937","0.28939951772523",1
"0.325360475505588","0.327862039253688","0.405239465262459","0.614086793746096","0.684841677467208",2
"0.370207079880006","0.336369421696697","0.629290308338141","0.641710988292728","0.820134720001519",2
"0.331672808051914","0.455565563636277","0.686223047109156","0.25413590181856","0.320799145600878",1
"0.546307050333924","0.360271662207286","0.337136478145154","0.384249337706208","0.351010270591837",1
"0.691366185381995","0.350866685204324","0.344795039818587","0.34530414902478","0.332817907984712",1
"0.346175379507441","0.399749115085436","0.669482784958991","0.600729752319474","0.161272004379558",2
"0.445883645223428","0.421269604766008","0.81876991643413","0.537210282617246","0.226055118061548",2
"0.360529481163116","0.478184140994398","0.699022451244643","0.616707951574466","0.208210175051448",2
"0.356333730534411","0.766941220907613","0.527799486136881","0.517669542872678","0.320799145600878",1
"0.262793468156925","0.518211905710951","0.651677426048102","0.505914551086277","0.417559098359866",1
"0.476605063529991","0.619848341277475","0.29606336183235","0.326445405589875","0.347314479588883",1
"0.395354226169192","0.522462538815706","0.294134578476901","0.405245352375003","0.299692110886097",1
"0.371831670737756","0.562506116233498","0.289255219112332","0.323189067525046","0.295252732657888",1
"0.340498479959091","0.421744582508885","0.911984494549856","0.202607673353231","0.320799145600878",1
"0.492094870427566","0.685697202882327","0.278003706463018","0.517801495511441","0.458732059394371",1
"0.499492925354886","0.486611863225505","0.722630191955129","0.240747589424123","0.273142265017593",2
"0.525494216628085","0.66745546188602","0.570842294365841","0.488447817611809","0.274960178322887",1
"0.308699916212163","0.297880262645984","0.45412150985021","0.490227189907684","0.320799145600878",2
"0.393449405958134","0.736366468003447","0.199513261836717","0.47697372226464","0.269462723358374",1
"0.321961936720515","0.320237333727955","0.655301519126503","0.585829407290438","0.0666985230496941",1
"0.858772391360477","0.308342452985557","0.46473580717105","0.517540663103584","0.259509497022416",1
"0.314519518307184","0.351840956447644","0.444250016169938","0.529850579000949","0.630556502635054",2
"0.406024827581312","0.31854731398893","0.524529196826749","0.814359628421369","0.180605272236184",1
"0.692487250673512","0.317381798566474","0.397608544508422","0.382737124314569","0.346954261836173",1
"0.697172922066073","0.282247766530538","0.391468390673806","0.395808027347817","0.304815974744206",1
"0.319007476430419","0.457385068513749","0.521393979476065","0.434879022928669","0.320799145600878",1
"0.564867254098373","0.519905207331365","0.504084498659139","0.422275376842276","0.409861511013532",1
"0.40615555198676","0.498808080350004","0.635357490145552","0.603073990363481","0.608397862161563",2
"0.647660314111226","0.569491153241186","0.304602378924941","0.398175402292867","0.34921838499642",1
"0.378136757248032","0.366613748815539","0.789317963999361","0.221373869183961","0.500861574716711",2
"0.322229596419453","0.180499896173207","0.261591449889685","0.112750276196756","0.0721160254910501",2
"0.325686103492915","0.323630053202281","0.507026229574052","0.847945370884524","0.131459923006871",1
"0.325846403555704","0.404714601627336","0.848564431996612","0.57674040107818","0.194413907022406",1
"0.34916740088236","0.458911740065447","0.592293674817851","0.481556997755721","0.191639151830273",1
"0.446145685547471","0.481514504722329","0.29932001495558","0.336693606695819","0.343159392976286",1
"0.370620251813062","0.622896612382359","0.292210586214147","0.322243165937854","0.296848475732468",1
"0.326079903370412","0.435972433389742","0.694908561074546","0.22406226863099","0.320799145600878",1
"0.364266661224746","0.499249791749708","0.905857424083754","0.207705202621411","0.240048247608938",1
"0.330920994842301","0.464268367198371","0.706640841448554","0.244546198607159","0.263483396262392",1
"0.612792092888859","0.609322601780092","0.301525023232193","0.419937646051688","0.505245158738113",1
"0.816578575571276","0.315399840560235","0.338843212781456","0.379780662178108","0.339076206114729",1
"0.455050620216322","0.401929477739297","0.320401559906072","0.383070259538187","0.349885039488062",1
"0.339734392851682","0.517218092355723","0.276401454502033","0.409979017722866","0.297470552378465",1
"0.818366128300976","0.295465543825647","0.596512969027244","0.308424290275561","0.295337142965609",1
"0.310470315060605","0.308588146560469","0.471168217660078","0.815435313562851","0.320799145600878",1
"0.378104371903244","0.748038628340657","0.223380090098341","0.449501725145184","0.280869618860858",1
"0.437681576051289","0.613790584938671","0.265673276593282","0.405595298003285","0.320799145600878",1
"0.570469179355363","0.639313627326257","0.286219140525881","0.408788913375442","0.361602398115536",1
"0.380482550510047","0.566409615793129","0.595455611723951","0.288606269232549","0.252693975821839",2
"0.363228555652071","0.293775822439476","0.727701932118693","0.604079180259596","0.133627556701222",2
"0.336990806998429","0.456541923349572","0.734270888749538","0.221405501665857","0.320799145600878",1
"0.581223479877758","0.541890978287073","0.634889621516576","0.304757272217209","0.291480296520325",1
"0.30356499058459","0.273052531583633","0.411535329609671","0.490144945454756","0.320799145600878",1
"0.430273761157047","0.531125064742569","0.298559336853804","0.434281620913445","0.226901234331786",1
"0.43909470095905","0.522962130669003","0.455223092624537","0.400933754714144","0.320799145600878",1
"0.411862470827311","0.439337853577967","0.694374907057409","0.51361733156336","0.264834392584432",1
"0.321166351538038","0.335751831289815","0.503377443940991","0.77944188733486","0.320799145600878",2
"0.321558820510955","0.364421601223963","0.745668529726058","0.582152989866037","0.320799145600878",1
"0.612742257906239","0.563065229481081","0.280008225937612","0.398306993417552","0.265482640739808",1
"0.436463058968833","0.715832034503911","0.293830712636341","0.321820013708614","0.290733114307518",1
"0.781946368094491","0.469416445686653","0.434685705240553","0.512809166840194","0.2807688154099",1
"0.339485365816869","0.344986448813391","0.523304335551916","0.876763104162328","0.0548996301045408",2
"0.439488205079974","0.522772825783415","0.820524193451793","0.238999488096064","0.266200344054689",2
"0.46246627265976","0.696156409693365","0.523315207646879","0.448195574778464","0.27799564201229",2
"0.348608125202039","0.684180973680505","0.265065360639368","0.482072697589135","0.275096356451356",1
"0.366905697129298","0.814569226215907","0.247595193944354","0.304320201695935","0.283095635153054",1
"0.351197621880545","0.323570680984421","0.751142353130436","0.626824380798686","0.461379839626167",1
"0.409733615011894","0.589045795969611","0.566348065144856","0.622440118807987","0.212801405553853",1
"0.324377972168715","0.480534713951218","0.854884436080097","0.19356801381273","0.320799145600878",1
"0.337421872204176","0.383532593259135","0.519200211840006","0.821426144119757","0.320799145600878",2
"0.337432963075679","0.334797549687684","0.482665365946424","0.276277373846047","0.707060282333067",1
"0.401794177676944","0.528807907305349","0.455462647259301","0.319315986441776","0.294260947492043",1
"0.410718188644781","0.788669364174267","0.250437601822237","0.500137375349946","0.418130126182625",2
"0.672246114424078","0.167089979640401","0.337348391860523","0.337892387381134","0.30459567390702",1
"0.417363247336194","0.78495158926598","0.260540726407047","0.423133249751278","0.271449025880603",1
"0.397711701815857","0.541971682733962","0.601383483297606","0.564092469517133","0.631848109762735",1
"0.340823220676697","0.33642446779818","0.508239665935534","0.639139900164272","0.320799145600878",1
"0.338854517045782","0.462164979580731","0.730603123018492","0.526805907429259","0.235449395732922",1
"0.336973505238884","0.336850664849499","0.537513242303801","0.828250083871266","0.144344214593723",1
"0.349826050771348","0.336047051438419","0.870423976691703","0.547942551074709","0.414801886706987",1
"0.807730721921093","0.286824200951388","0.332383161373031","0.319987318086116","0.288398960789758",1
"0.307334851747581","0.304434776485976","0.52760415697315","0.511052750688323","0.44030559119786",1
"0.425847911914228","0.638333836555146","0.653015615092458","0.50525171502279","0.529457831299313",2
"0.312162190538806","0.33743812161817","0.622137944035246","0.857501272529557","0.114534865411575",1
"0.522738948390182","0.468398167397432","0.319278048669025","0.338579444887902","0.307140349895825",1
"0.324226692681415","0.340230555151122","0.488248647391609","0.460709203859235","0.320799145600878",2
"0.459406227272956","0.704091402186807","0.280717307656516","0.28217222241503","0.523778038566164",1
"0.328227835484815","0.338746100528204","0.513583761291546","0.793953966243261","0.195372186904266",1
"0.870768277978054","0.169632244305637","0.336577394482172","0.339396828220078","0.302918108915756",1
"0.341567048458827","0.599519025364766","0.586126801427819","0.488032618692302","0.208958363860769",1
"0.648333751828885","0.323630351555134","0.339997681848227","0.390601863098957","0.301798773591567",1
"0.364290765385479","0.529319731625641","0.667577219975835","0.563331843895329","0.603319007547604",2
"0.814031667839341","0.177526809987421","0.395572514385717","0.334028886420953","0.292588127884348",1
"0.318861520561441","0.305409047729296","0.462665318035497","0.84589377848731","0.0741579784205839",1
"0.37912133088092","0.809941773457098","0.253362932458308","0.429543255882557","0.414371494797262",1
"0.561149446092301","0.327080205600918","0.345569906925653","0.376861255234724","0.336222648795456",1
"0.643763277621668","0.624588123885652","0.272922199841267","0.328734693493903","0.300139327337565",2
"0.724959991529532","0.194570962629515","0.405300828103518","0.394758371220009","0.297880237159891",1
"0.533982282406713","0.453499022596052","0.420995894954924","0.394409510133963","0.279002382326351",1
"0.406788175297287","0.622365544303012","0.726306065689198","0.264050063915689","0.261141621371022",1
"0.405920425510897","0.607327963777577","0.486150885882253","0.425095728928067","0.28356413393083",1
"0.36523970035127","0.63888593851067","0.582253940074855","0.482720711575392","0.257753992701025",1
"0.259575636638206","0.653951564204341","0.550570996899242","0.470230761666782","0.320799145600878",1
"0.838567485291286","0.304791457322414","0.333519387433001","0.342172894831216","0.309461417658895",1
"0.385448451255916","0.426079351118346","0.677668735374498","0.243298432764166","0.25397451038786",2
"0.365353566632034","0.582874068840744","0.497720637650212","0.431076256333727","0.369570616124785",1
"0.314917458776709","0.291919321808161","0.42672788454646","0.535105547650448","0.773873701184922",1
"0.274843182470863","0.329185532512107","0.632229275161114","0.799507003250735","0.11189197436285",1
"0.309769371981619","0.324867471662446","0.587122427344461","0.358756268654126","0.320799145600878",1
"0.394932181538934","0.659020728362854","0.269163219076215","0.415488853797922","0.374294142169103",1
"0.731155943864219","0.288111295161671","0.342340710449023","0.37846475093126","0.336296561739525",1
"0.352248888620736","0.610405920991391","0.267401755419509","0.430842718238819","0.293680572701649",1
"0.323675550306862","0.386553415901491","0.501972363871697","0.706268184158164","0.320799145600878",2
"0.366248969658037","0.364854958743767","0.754394030888175","0.56633078393605","0.670227334070833",2
"0.361245359949059","0.402202619776737","0.869109743110823","0.179508731288031","0.237664627062462",1
"0.370955344010737","0.406106716042075","0.620114813008259","0.547789992133454","0.832573089332421",2
"0.381456181149718","0.755663483042817","0.204937700131773","0.438680885738414","0.270457672113265",1
"0.609415144333644","0.361434044924779","0.40428714345287","0.39125385374008","0.301948900271738",1
"0.345351549572203","0.394019099356274","0.59637955552296","0.884703399389186","0.117448243323713",2
"0.306876872693653","0.292758886738096","0.448410895903008","0.172024666828625","0.848691144122044",2
"0.579818192519192","0.368043157336974","0.394840951385704","0.386721370977071","0.343005096110554",1
"0.321064759155071","0.356394268522342","0.58630204485679","0.798204468024803","0.167483855270403",1
"0.35159511871521","0.371519117257445","0.852305906846048","0.135339844924921","0.206191517641251",1
"0.34311429897263","0.288144710681271","0.504219754891383","0.639727722056408","0.548963514758934",2
"0.345134907882179","0.56226072101144","0.274347549918118","0.431830013188034","0.291388552437998",1
"0.313784119587396","0.333171824988603","0.640353494189971","0.855890185037366","0.320799145600878",1
"0.35016262175189","0.566781363448673","0.601214136598107","0.520701922965688","0.664968730079275",2
"0.543036869901711","0.609538161716794","0.250288525130295","0.317385501260961","0.294009154563901",1
"0.482477310295079","0.358311782312211","0.342820741082533","0.374129835612318","0.303928300417867",1
"0.309039592636726","0.301356073390028","0.457843820328864","0.758748098435945","0.320799145600878",2
"0.507390217378124","0.653723771800643","0.261576155247619","0.317927230108049","0.320799145600878",1
"0.334921102497694","0.332397748510026","0.453640005034333","0.579153869068277","0.584997512987611",1
"0.417892355846028","0.412023351481143","0.433323192187128","0.336093493325004","0.338096787706063",1
"0.309712290962951","0.311655064718701","0.5157274067271","0.929336108315402","0.320799145600878",2
"0.335293460023619","0.331311445770192","0.515930291075466","0.714791601594133","0.0806567093180783",2
"0.722042796567686","0.339542702647225","0.400497941949278","0.395742954813632","0.346272220797808",1
"0.518208253442089","0.432717403757337","0.686109535066837","0.243509014715069","0.268045723064879",1
"0.448453030454942","0.431651687364399","0.680759174435761","0.244113827768909","0.535425942034133",2
"0.402290309328843","0.793265191530598","0.252541812879452","0.429003515362902","0.389337870878688",1
"0.304634889988906","0.331178827926782","0.474957234890875","0.466399977730733","0.320799145600878",1
"0.548802200665511","0.507454793575628","0.682612958763249","0.299442292230629","0.288118983159209",1
"0.264400017863697","0.54978584232171","0.614009671004878","0.492709164815715","0.412213783268554",1
"0.344077134497372","0.450096755830411","0.572943004239933","0.287476356979246","0.164843552612715",1
"0.349353283888749","0.433229228077629","0.536575109499502","0.793100793017283","0.144844780660462",2
"0.346260113765724","0.420919040163068","0.855593333526206","0.61725709146017","0.204205646517528",1
"0.470324672693594","0.33498506445615","0.734525738026368","0.706483827306171","0.153044084469553",2
"0.404966314805071","0.430319541873226","0.737910829288392","0.244024172277365","0.424859511481456",1
"0.336036992049176","0.322163499750577","0.589127499637443","0.595271974271766","0.320799145600878",2
"0.329714160144495","0.483752897006208","0.715475800651478","0.23571440966197","0.320799145600878",1
"0.314557375148581","0.360962050710438","0.794923173907267","0.556721558964392","0.234263049840764",1
"0.562855961520887","0.485067588855447","0.31853653493803","0.388101812486985","0.300992202184401",1
"0.330891567063247","0.339432759620686","0.489390401635458","0.519989017202286","0.320799145600878",1
"0.54991646355584","0.524387213074061","0.478949689288425","0.318975620936582","0.2949217062041",1
"0.900651078520708","0.181808471788948","0.39350128815898","0.342556099754749","0.309192943988512",1
"0.786435657122306","0.195330718171121","0.396033380648445","0.381430612433771","0.297270239672068",1
"0.49007145183057","0.748578497829185","0.273090256631195","0.465794803162814","0.267615618754159",1
"0.432873757193909","0.399283237104593","0.777798702977498","0.598871208440342","0.581320272120426",2
"0.450364209432328","0.744326074607308","0.522523755988175","0.502787996575739","0.417267041571142",1
"0.385577844756783","0.751835168402285","0.60895414684736","0.492174666250203","0.260476117275396",1
"0.355537110203927","0.672712140813","0.288705533361945","0.411726034508688","0.235579102883798",1
"0.361044689113999","0.342994645162984","0.66651396594307","0.8092286591009","0.320799145600878",2
"0.31488241162276","0.310138537164025","0.466565636035061","0.822878526931353","0.320799145600878",1
"0.267603653066892","0.593669817670604","0.562049165087602","0.458796432868282","0.320799145600878",1
"0.347015476054217","0.441038017314013","0.866698349302721","0.213894865921658","0.191671362918739",2
"0.759814460071236","0.300050033773543","0.682294351099012","0.278544790148308","0.288551388261963",1
"0.309942537455352","0.315341363400936","0.574806739298404","0.811643211633234","0.125702909941104",1
"0.751872360927126","0.290315526043817","0.400314590517285","0.409971064413133","0.301099045214446",1
"0.339044540644199","0.586577821164913","0.604181112886068","0.501394902073066","0.320799145600878",1
"0.403695448809121","0.423369561325832","0.731389599311704","0.243113699069897","0.429689736756317",1
"0.341019750919729","0.341230335563421","0.509351015168047","0.57139180028227","0.320799145600878",2
"0.375101999048255","0.589084432664148","0.793332162586836","0.204084277608107","0.320799145600878",1
"0.351333965660887","0.547675443412011","0.841467718078101","0.210749151164943","0.248591232227999",1
"0.51876619821783","0.472890615490003","0.303532491071522","0.328918161888897","0.339733945037242",1
"0.309352798847969","0.28985680853146","0.452355255100809","0.680817954524421","0.606931394839352",1
"0.689192966080566","0.341072656080312","0.344486198612536","0.378304057923232","0.333904888420933",1
"0.327501605218802","0.38903988858311","0.544023231639934","0.587490564482543","0.201963237082095",2
"0.386444855151739","0.354926820012077","0.776769355139193","0.249209730223734","0.491919115080872",2
"0.381218540742982","0.328107434475746","0.75179744292012","0.580896909199232","0.184132386423199",2
"0.251586955833784","0.0945116202469407","0.260052772043311","0.293664574223179","0.282838377843833",1
"0.348091290590002","0.34630158819191","0.440124148268103","0.602679036232387","0.320799145600878",2
"0.446942897391102","0.330587940100294","0.625990903926245","0.681178745575068","0.699593205588566",2
"0.645085901017965","0.325893357949433","0.776916589103176","0.257774541021726","0.28055383515429",1
"0.912245771346452","0.343154562292496","0.433102433377553","0.451135045753222","0.2865972968282",1
"0.347682702883834","0.594472536023124","0.610887537022708","0.473971167083131","0.254243559256252",1
"0.43334238348448","0.487816015342497","0.463897181676577","0.315837136461442","0.320799145600878",1
"0.639539134361916","0.608232420453162","0.26598912016558","0.477154660061081","0.393617631659589",1
"0.243275308851196","0.150491416985109","0.119974489274126","0.0915481985030425","0.504150125529775",1
"0.327967421821926","0.362196783994921","0.524687118612898","0.784883578006062","0.0959464789757219",2
"0.322185972324874","0.392697097862123","0.525291717656485","0.591874826473242","0.23409063423777",1
"0.942359409894654","0.386339198552631","0.33303161734206","0.383827993047361","0.370337786468381",1
"0.733417002867952","0.418289805641017","0.657127478261799","0.286165506929502","0.290023032366248",1
"0.335916619123797","0.40058733742753","0.504818272932703","0.850888637757109","0.320799145600878",2
"0.45937325041502","0.703998614449348","0.280733707935358","0.28218740600634","0.523787241734297",1
"0.359306231975485","0.49499557841071","0.60447981908834","0.470612701291039","0.384138943680494",1
"0.337843621077861","0.425718344165531","0.796880519546092","0.206335425776821","0.180933566499433",2
"0.807939082427061","0.304615876668091","0.340049831049487","0.38348979662664","0.34677911404264",1
"0.638421470270993","0.407327575918867","0.333216258683625","0.385092930809097","0.336276429809234",1
"0.328945784566771","0.363995702525497","0.945882765278656","0.582508177448463","0.198106822035318",2
"0.558414732936251","0.359090930789298","0.343408018483299","0.347195952199162","0.333846074424583",1
"0.627717152609505","0.446694489064771","0.599690937666594","0.601848457636334","0.249542897332764",1
"0.776110203631358","0.368623304460733","0.420989629679861","0.402021369820226","0.460883299945486",1
"0.347633311536074","0.534155733029093","0.636353116062194","0.270209721547396","0.26139312670016",1
"0.402920418708496","0.775973555196471","0.270851894978511","0.316504310693876","0.28897157040704",1
"0.338584491294257","0.685583232092265","0.510126435093501","0.451443417262442","0.284960570895527",1
"0.35386120558069","0.527754423379407","0.617633764083279","0.466920015733093","0.263126629697732",1
"0.432967955662541","0.291213418956624","0.812579271853418","0.211024624892992","0.22242748802258",2
"0.810101950248421","0.177147454334112","0.395686210700832","0.387297805175725","0.344083592376153",1
"0.332714610581756","0.367549830893603","0.687242444216479","0.558667950764675","0.220825705368913",2
"0.76554370853308","0.356866710265964","0.440083239707397","0.450833904525578","0.288673761638233",1
"0.285164495369783","0.326020456265052","0.626552383135575","0.725157837046806","0.320799145600878",1
"0.337344975495089","0.452638274613514","0.762034349554806","0.246139571909488","0.254563081749873",2
"0.607099074607257","0.335744372468476","0.392044980252406","0.405657116910761","0.29006185823181",1
"0.342166251276559","0.375733052961212","0.588504289041463","0.594911183221119","0.409196725915417",2
"0.334735811004451","0.321199521680705","0.457090881684519","0.664662794127855","0.109891291890413",2
"0.559682197731606","0.601911666073939","0.478931999100012","0.542266418523403","0.423413032290034",1
"0.354191417794904","0.798316902047178","0.281876014997594","0.448483339985192","0.524174493793398",1
"0.318628760138166","0.301199288965479","0.517862022795651","0.860344761516392","0.147595808934752",2
"0.345515398713873","0.317376577391537","0.741405378591223","0.677300603294695","0.70193656227446",2
"0.38430712663912","0.712974858401736","0.595989265741089","0.286960295631753","0.320799145600878",1
"0.309331504374683","0.293012486663627","0.425946199345942","0.466865607864233","0.203591047445639",1
"0.404980067485735","0.697954731518234","0.560317553623844","0.489353229622174","0.263726705019911",1
"0.471463039744656","0.544593905963954","0.311875073363607","0.334486020973601","0.344998157209381",1
"0.681026979210383","0.494042042690713","0.541167924666333","0.500402726683788","0.274671572722212",1
"0.476579184829817","0.320546725637103","0.729577644908902","0.536305593635039","0.258542445370929",2
"0.364451065448268","0.357168046648065","0.765982947026915","0.698765863237778","0.172901213912257",2
"0.363186558218646","0.726236791919173","0.281770426685502","0.30435183417783","0.2796556634643",1
"0.445265366106711","0.290175300202641","0.730768415716479","0.529247754274543","0.417532783050985",2
"0.646752785065713","0.435031130136741","0.422756252974854","0.41031938322806","0.304663403472499",1
"0.318350305324299","0.290275397585013","0.454343374296562","0.192665855429074","0.698906275367131",1
"0.34891512052524","0.312811927908403","0.732554387655049","0.722180587850813","0.690632339616461",2
"0.389871195054714","0.437315021230789","0.7118598155761","0.246552601744522","0.263517764343389",2
"0.646652967222186","0.437495524707196","0.422863315469314","0.411911671988154","0.304192316303686",1
"0.750379233866257","0.310019046846172","0.340110272526566","0.340674961245691","0.337349317894252",1
"0.346389950901451","0.594682874784888","0.26482046209352","0.435856918511835","0.320799145600878",1
"0.3212501985266","0.399910971508496","0.704930421356333","0.81340414671109","0.320799145600878",1
"0.377761294278086","0.41950275916719","0.750694385963425","0.258194439624257","0.255185733593879",1
"0.476153886877251","0.628582770242048","0.266257789902109","0.415912186784202","0.406373510291083",1
"0.442939536413401","0.612393547701848","0.481776986797038","0.30239568149742","0.663592281245367",1
"0.325883077370807","0.28376354820308","0.472707816870432","0.666959312313459","0.56524075559736",2
"0.341486159035999","0.826145018581416","0.259209171183347","0.44669113393952","0.481150401768619",1
"0.782361314566987","0.293364393854409","0.417342502501964","0.393738540003702","0.30091886443834",1
"0.332893395430383","0.300125069516215","0.67941895839065","0.699966270736448","0.846927443229035",2
"0.606876961420625","0.337275966842257","0.397278143385242","0.385238259468777","0.350989275864533",1
"0.375480863218796","0.321793840565009","0.634493250732438","0.716956528655052","0.0765682018749442",2
"0.869199437234392","0.317103435354097","0.41009763325549","0.509841497767289","0.275943191719104",1
"0.371368072308933","0.456172114987577","0.672429859784987","0.26389262453437","0.229808285065832",1
"0.500586337406789","0.508885097155623","0.309662325629563","0.435167691920594","0.66214335746241",1
"0.351115401553136","0.503873813450701","0.621341332738255","0.258132259202702","0.320799145600878",1
"0.765688333497478","0.329729280587731","0.588520320774712","0.295645852132065","0.284589136781655",1
"0.547526158929527","0.386814623824788","0.423793524543386","0.405978141412739","0.297359395363358",1
"0.363518544972301","0.416014566779723","0.496040991114919","0.581595715913561","0.237860625783797",2
"0.632633662007613","0.492543416307251","0.299387827344498","0.409206462136461","0.295564202379393",1
"0.515664746910749","0.44194426410672","0.320115568526722","0.384638146097962","0.344519880065463",1
"0.347776309839318","0.418268771764841","0.769029529162736","0.188437586763379","0.632902303912482",2
"0.492284302512837","0.692196670620836","0.290909804547373","0.32259835352028","0.378186219492396",1
"0.449998062794444","0.710773312695272","0.284450858775725","0.470415495361051","0.492126473962871",1
"0.357697020459552","0.324200503858299","0.724766835024436","0.67429370994424","0.225942666850922",1
"0.320662825971804","0.325890821950177","0.492681145225943","0.658249715126906","0.583536078647974",2
"0.272643049321253","0.130494316974845","0.710826413736284","0.0964951571574003","0.320799145600878",1
"0.364436129741311","0.302522931400325","0.54872513630198","0.61015189375535","0.514481544556204",1
"0.365042134960231","0.338041391088081","0.587329549967135","0.595839370618449","0.45926023496551",2
"0.489713290620169","0.55786285077345","0.27359884954808","0.321768136438305","0.294351684977856",1
"0.375232723453703","0.29531144457678","0.739426104489678","0.907732388480137","0.15167770160079",2
"0.331053641665476","0.30849953576296","0.499193345835628","0.754393299842669","0.320799145600878",2
"0.729099844165861","0.331871155723482","0.672423963055516","0.278037585895745","0.287011583193692",1
"0.43198308627308","0.560178367269976","0.764889656528407","0.237954893165359","0.320799145600878",1
"0.943191077379088","0.336351968054763","0.335820586109111","0.335359077473913","0.306795518689837",1
"0.527565843546547","0.477328763363224","0.302401240377044","0.329881054637792","0.339070166535641",1
"0.328957171194848","0.312272058419876","0.465878667051674","0.192890897943129","0.320799145600878",2
"0.694136980840002","0.346885315549912","0.341673458654805","0.387866105307605","0.307934123147305",1
"0.318915496136088","0.324928484821","0.529108191533881","0.554420521852803","0.569875413549393",2
"0.32741864549996","0.357771017765122","0.676724890113525","0.663886623400662","0.691966367597256",2
"0.347360919731962","0.373637720870618","0.751711940342788","0.157946766328868","0.226374352956165",1
"0.342939506837744","0.351497552313189","0.651283266537516","0.835368838354041","0.184402441888105",1
"0","0.00838729541944828","0.452767104799809","0.404600772772495","0.320799145600878",1
"0.47738172029177","0.388621597882411","0.871972973814651","0.207161846960968","0.227597655320359",2
"0.424376079326645","0.717500722013906","0.273617829646065","0.309137015281923","0.287821461989406",1
"0.578187390773401","0.629310154499042","0.288491224100228","0.410070842298883","0.361123114375104",1
"0.317938760052396","0.367742716013433","0.6762409897513","0.771356263448324","0.320799145600878",1
"0.283478239266476","0.300001253081985","0.438445238823993","0.477956679044909","0.107791100162537",1
"0.388649720406523","0.451314930531522","0.847919292937911","0.217400467943824","0.250720902853802",2
"0.315819664203902","0.302613929020663","0.467316916224243","0.677382305476505","0.320799145600878",2
"0.388086747769034","0.744997368527831","0.277861079318935","0.310066467978529","0.368219044604736",1
"0.585967711071854","0.439400955206496","0.592500613167729","0.520225808923903","0.184223842906522",2
"0.716208554522281","0.284011628600821","0.388629668251843","0.375783581765808","0.335973444258352",1
"0.356188661935153","0.617699454849666","0.58054554698339","0.502564038603919","0.245907070722177",1
"0.486558455251587","0.515940247083899","0.290741747757446","0.327462163936512","0.320799145600878",1
"0.341241124714928","0.49881151140782","0.975928260389254","0.156010135408713","0.230320930290747",1
"0.316696138809207","0.30664974807085","0.455098892760051","0.702986720864857","0.560943451277206",2
"0.333023232566111","0.316791805798547","0.584069948479169","0.143773245355267","0.913526025624784",2
"0.917697748020723","0.411087418579506","0.334311760455685","0.347885359547442","0.310327809658926",1
"0.310159179145376","0.31616287798323","0.581300144082899","0.891254938282317","0.320799145600878",1
"0.307766952101336","0.335219122269773","0.229534801483838","0.898879812475417","0.320799145600878",1
"0.362234074173974","0.768616919709667","0.244688659133472","0.451071419275352","0.27347530466441",1
"0.313486440596257","0.368220677284846","0.461072463987107","0.636056004315032","0.151059795140353",2
"0.332899754196712","0.377063109982409","0.80450683348023","0.201282362740335","0.417811897884522",1
"0.55607100997025","0.421599135492772","0.332342621357917","0.342407336711321","0.337212133169268",1
"0.390170944341866","0.575186112510054","0.564621797592181","0.240784825374239","0.790586366915646",1
"0.386107840536337","0.409923544097745","0.723241609092167","0.539363460470605","0.663122632071574",2
"0.352914932424059","0.587923989240203","0.279786545764057","0.324539864880498","0.297981615808857",1
"0.275242305966682","0.359495646435161","0.603973990263394","0.652163444853196","0.173022149293506",2
"0.336678340178619","0.363601130876656","0.70538446952561","0.575046888376021","0.432684217587628",2
"0.871334799694424","0.345428160213096","0.431071010074747","0.51701881753083","0.276343385733393",1
"0.791901534355527","0.315770543980791","0.570585418088255","0.305716007554198","0.296024073187044",1
"0.361803156846513","0.550467578592109","0.6107780789819","0.473305800421092","0.262366361730236",1
"0.669194645977903","0.481660100914869","0.289872532978842","0.33134193303024","0.299561972336715",1
"0.35908426666714","0.350061281676122","0.802262759370871","0.549124702112399","0.519241308075047",2
"0.347803815200646","0.437998696794736","0.553246637896769","0.774217828139099","0.128105655821356",2
"0.505036142932054","0.457826779913454","0.595310220487929","0.457439670530529","0.38056006167273",2
"0.311670199478936","0.320660696427165","0.535758965286138","0.554918688253395","0.320799145600878",2
"0.413750285035398","0.633679979568797","0.709721329778834","0.262606176684945","0.381592829696668",1
"0.796477036424492","0.493603911525251","0.314270619711256","0.474354010492585","0.271493459926746",1
"0.35986580341238","0.547748987390415","0.280536720316463","0.323950416175008","0.294461116398938",1
"0.305977476953908","0.277106550157888","0.408444890548409","0.445622498322575","0.226994416409134",1
"0.496937292804036","0.809196786381744","0.249234853282921","0.476067587226117","0.251464633878559",1
"0.311854455824172","0.336128054238162","0.501192152853547","0.936180292855325","0.320799145600878",1
"0.451557587206044","0.636121699322381","0.269839500237436","0.410348665868444","0.288993571730859",1
"0.329917788545289","0.32440219038731","0.465911467609357","0.684510097811249","0.0874753941077004",2
"0.36259652385469","0.619013997522478","0.534972857538517","0.468225081557576","0.588547347495954",1
"0.794727488414476","0.337155879818697","0.421523099424203","0.341700395930219","0.337347592300227",1
"0.311333036985247","0.302304089582234","0.452630558657993","0.45432522674163","0.230792592657569",2
"0.310568358364691","0.307492594882175","0.490890935013066","0.670494920004165","0.566667678056498",2
"0.362973761364077","0.690694613179558","0.765132712346296","0.266679355810833","0.274303877395394",2
"0.303912652436635","0.281614810951698","0.430946257391873","0.221049952569353","0.852480836199857",1
"0.11259497113268","0.0431932884928885","0.293299085619959","0.324933372955276","0.289293681291699",1
"0.332308684684749","0.675613174784649","0.247478733537299","0.414685931028898","0.36127697984233",1
"0.407935415045551","0.591484084665379","0.539505231228268","0.302372544596377","0.28982818404093",1
"0.363963214980425","0.512581838187733","0.876252156682736","0.234035176765924","0.244902774999651",1
"0.674613941550811","0.19856098451668","0.390661644373037","0.382033256403137","0.343167014349896",1
"0.397632586932469","0.34309175901682","0.643961555535122","0.481181565384882","0.223706296994576",2
"0.356747937615474","0.401107963157003","0.866927400388115","0.198945174220865","0.226080282974412",1
"0.339845893079858","0.418002342666606","0.746421284097608","0.751472627600009","0.320799145600878",1
"0.322422429705317","0.301223306370192","0.490414774108272","0.743235167800375","0.320799145600878",1
"0.31952460679903","0.353085535376295","0.622773132362965","0.743210223328937","0.320799145600878",2
"0.320536242158384","0.351492032785398","0.523987250533792","0.843066376876981","0.107561452357715",2
"0.348765024064234","0.366774561003611","0.509548187059738","0.670249813458735","0.151662315054068",2
"0.346953958686947","0.440596305914308","0.680450517502507","0.659813263517735","0.165045734712639",2
"0.518878142080866","0.448655860724114","0.4490884669738","0.443914525057264","0.22317697102742",1
"0.524715785326866","0.402210078598076","0.325815678924555","0.38012482358113","0.320799145600878",1
"0.39783591957669","0.726934490067237","0.535328135489153","0.286822558767729","0.563264662839778",1
"0.555220414065118","0.574152021519595","0.306798173561755","0.329913590904884","0.296645430835531",1
"0.447078501780011","0.579585772865166","0.47954525896501","0.295472686888318","0.672615556201375",1
"0.348995714191495","0.523347751732237","0.805074393691826","0.230191920594156","0.320799145600878",1
"0.400469483984634","0.556997030792401","0.515133679778475","0.431048781263738","0.367507668467947",1
"0.314190341240977","0.364996079643504","0.797790458612606","0.15674581655908","0.320799145600878",1
"0.269777463881468","0.417860326708309","0.836641060733181","0.172124263957336","0.320799145600878",1
"0.254519530137447","0.133600617709748","0.204090782361482","0.147392905069295","0.219229674695328",2
"0.331036635662505","0.410926158862154","0.84582447979329","0.603026270505079","0.229036369338668",1
"0.305393949234567","0.295150334035855","0.427530761118514","0.466956167140973","0.320799145600878",1
"0.333779038489465","0.402133551091136","0.295619448666851","0.275271822435853","0.425988625171786",1
"0.643975187206517","0.447605957032415","0.464008298172548","0.438226101027278","0.287100163686973",1
"0.404194390148467","0.70744115885022","0.24828953383958","0.44257619993753","0.460797595442246",2
"0.409422774853238","0.310313670289068","0.678325852164938","0.237058519006964","0.431390884865922",2
"0.339432425390229","0.458003852332045","0.821828476301689","0.199387305939243","0.320799145600878",1
"0.443204534303178","0.712953824525559","0.527647645352999","0.296458535781218","0.283674284349423",1
"0.394937505157255","0.712447221380204","0.533434548237735","0.282457095509128","0.613923789427487",1
"0.402269902125277","0.693563872572303","0.672186988239894","0.465148415989912","0.269914828992913",1
"0.475781825107899","0.531556333792399","0.304906981856685","0.295929459926887","0.76565972982662",1
"0.149981855334221","0.0464729322357131","0.255283976356326","0.450181552370376","0.529921009495513",1
"0.355594634857456","0.308468059536909","0.540919893482953","0.807896660477546","0.187196178614512",1
"0.517572820444114","0.478799493754878","0.30303108479368","0.324292046979478","0.293489750762389",1
"0.370602506418657","0.629010459057635","0.615286128662583","0.52152671733648","0.259534949534284",1
"0.337629936953571","0.39092025744271","0.90756397444726","0.181559962171167","0.320799145600878",1
"0.445842091424863","0.523637004823769","0.618141435636184","0.27460139457671","0.28576139032261",2
"0.788557266901675","0.306915431286951","0.341693544389566","0.376906263737535","0.307115616381467",1
"0.407440910054807","0.341025068800168","0.72922126132149","0.600981546875362","0.461390912187827",2
"0.761913592351025","0.284685607697026","0.401084850804452","0.409063302561255","0.299746467097883",1
"0.518201303162614","0.367322933548466","0.71745710175378","0.734836472721594","0.217389760066217",2
"0.332012928111337","0.417367746147071","0.424397386495789","0.467550677043567","0.457093464068171",1
"0.713179415697398","0.286342062740025","0.390902304644577","0.398756174660466","0.304559005033989",1
"0.528690310038658","0.590670625610132","0.292058745430265","0.407314297448","0.378330881791489",1
"0.322535112959787","0.343143970766194","0.688604404451515","0.566890950001157","0.214512763428105",2
"0.801880804777297","0.407271485582397","0.508343411519666","0.31907594109345","0.29900575586267",1
"0.323728047098643","0.322191694095239","0.612637760038859","0.684709834339789","0.0691966079998252",1
"0.390555427887301","0.680880445237931","0.524462674347402","0.586464949040975","0.218207835433549",2
"0.589396269149129","0.323306340356162","0.821832346030405","0.225763734642882","0.266297840117099",1
"0.749652559965385","0.311200822499147","0.410930362020492","0.379017867471831","0.343661828436553",1
"0.389742245188706","0.685329184637454","0.285773016086831","0.320257911374101","0.289734282966072",1
"0.368108095478503","0.330979826573453","0.624551180571308","0.769756382892575","0.19277905048326",1
"0.395830098495812","0.510073585747804","0.292228460675356","0.324319341292427","0.302087235392739",1
"0.323622905636795","0.362775886883693","0.690999950799164","0.680804397746466","0.597275977272201",2
"0.329808358613126","0.328879273307922","0.569370876089997","0.751690620589528","0.320799145600878",1
"0.313504629625522","0.357952565476517","0.447979881833227","0.550715725573217","0.320799145600878",2
"0.337082047901326","0.435181798327792","0.825984012123676","0.222321036070429","0.320799145600878",1
"0.40088531772685","0.411977852670974","0.787091764351211","0.655451776914","0.144537481124518",2
"0.450645917568502","0.624856193924581","0.27403907725766","0.41486686882534","0.287175946024569",1
"0.534256005115406","0.482599614050749","0.456847457321038","0.325934947710604","0.298698168727721",1
"0.388390341891641","0.680915501698225","0.638774460601279","0.489917914613267","0.320799145600878",1
"0.366966031470274","0.373495555735893","0.750347953106996","0.185474978887578","0.451546829673948",2
"0.33856911195244","0.447996799270587","0.815197604011398","0.558137428854029","0.239390508686425",1
"0.335055819616883","0.294920900691463","0.510975932682936","0.797664365991069","0.667829189774647",2
"0.324493908745492","0.355624965689422","0.53400173990374","0.780360856123181","0.320799145600878",2
"0.393023516492422","0.802627205722646","0.261133347718896","0.518160840505773","0.258284181465193",1
"0.254801534030195","0.761398719946917","0.23935506732683","0.283758365435784","0.27816848901379",1
"0.37581284997245","0.60529812013834","0.749826276821597","0.248863399736239","0.259375044487971",1
"0.641722705143414","0.503831745698349","0.310440141101365","0.339528961615881","0.342749564395358",1
"0.355506499398579","0.559268689419453","0.881835438127921","0.22135308212443","0.258750091851932",1
"0.798410840779744","0.370818584757272","0.337373821506367","0.379901769394507","0.336141545876283",1
"0.311538883560341","0.336628690326446","0.61023447423378","0.612473356412392","0.209371931228751",1
"0.513982335642896","0.532453779175926","0.299010068112754","0.415368831123759","0.275642219361251",1
"0.569954267161053","0.612167545415271","0.26495313850662","0.234734164237292","0.320799145600878",1
"0.935388427459342","0.341810184334327","0.328981301286574","0.33981654606557","0.306475564797709",1
"0.27488458839114","0.299847303009545","0.274035207528944","0.5114223988339","0.531774585077322",2
"0.397356646049476","0.517940255437779","0.777715043128127","0.516228005483446","0.259124258156344",2
"0.343621225739458","0.562774335448854","0.589748867505464","0.549445545857338","0.212332475377571",1
"0.353368623007673","0.361057225270725","0.795849144707031","0.64171333813424","0.692775814994463",2
"0.401998249712599","0.634461813221566","0.539044917783928","0.278641675921427","0.369124693868835",1
"0.562888642622249","0.471535646005533","0.445316771385825","0.394245925013304","0.320799145600878",1
"0.379536868866563","0.685741060751802","0.248001331186678","0.428804863376599","0.281388159865358",1
"0.445140852589304","0.546316893693298","0.617106006795612","0.677933614446681","0.196891284844237",2
"0.376713872373349","0.740427796222614","0.252857840724546","0.487490166817057","0.528342090962676",2
"0.318970063223883","0.307702486114658","0.531426527580017","0.88512546707619","0.132061436324071",1
"0.512137997651101","0.478724010482926","0.441380888736639","0.400657557957937","0.350466708473975",1
"0.394549768289513","0.65988669752033","0.565997762559711","0.270874184424238","0.277250760591516",1
"0.442539377769575","0.533063761585041","0.463105730017873","0.428538969771639","0.246774900717229",1
"0.318434891704294","0.348488514608549","0.451982839780148","0.425972039055089","0.559999407546051",2
"0.81900836370014","0.314950819515618","0.59504339347936","0.295335673052451","0.29464374176658",1
"0.374704797970163","0.677842765659348","0.273873231741284","0.308370424677819","0.320799145600878",1
"0.429951090735455","0.466029991622252","0.298231699822564","0.335817477325837","0.305287205712522",1
"0.640415608967221","0.388192118949702","0.434401740861958","0.429556270389394","0.575437003091833",1
"0.318177879242","0.371005204467178","0.441749618601381","0.511332743342357","0.0875281685249637",1
"0.365047310700266","0.461095832129977","0.532348260105474","0.463889804724555","0.283865537687189",1
"0.327785383650991","0.443802256502302","0.762942261620565","0.23477718441267","0.320799145600878",1
"0.352279795182658","0.472359547410655","0.898177302493192","0.201714191307466","0.24485431456745",1
"0.432833090665065","0.656866620760108","0.491931707764721","0.466778482971241","0.556129762945083",1
"0.348421354925929","0.463222043740915","0.971760562562733","0.169540703593161","0.210870465839925",1
"0.471778168373626","0.674624582604358","0.286263918815303","0.323455864915203","0.29394545138448",1
"0.538247831586743","0.551459751006643","0.313599313915526","0.32802522211425","0.352093656040507",1
"0.3982039886323","0.656461606761392","0.543943072973686","0.455153274739131","0.377055667807045",1
"0.463276645670908","0.698987181567999","0.282749652323302","0.321592079081928","0.357797031891997",1
"0.66612602365047","0.502019252112935","0.530657004384034","0.519575625853173","0.271983097231328",1
"0.334251805372063","0.322147537872911","0.495308875296518","0.874305531454617","0.106276891405636",1
"0.34810888810612","0.647681678986651","0.252064914883474","0.291267735880706","0.254862472313203",1
"0.316992486895766","0.284399934839737","0.477378395157164","0.664941882996692","0.790391518590328",2
"0.523227981884318","0.505279502920278","0.46173400332465","0.476062887543093","0.580208558169846",1
"0.431396009474858","0.695481535538599","0.521193674946842","0.308126221917586","0.353394753935325",1
"0.331882351584176","0.386490463449389","0.472008870155307","0.789444981895375","0.61656926886725",2
"0.31774060314821","0.38945817928381","0.824759519394435","0.186141249334814","0.18111935545612",1
"0.344219393409183","0.388916818031014","0.735421856633185","0.242979396589621","0.320799145600878",1
"0.668547234838705","0.405620251714336","0.330216850383573","0.389280348383887","0.347240566644814",1
"0.468840270451641","0.614872114032847","0.468388462532826","0.308117184065616","0.320799145600878",1
"0.349775920032155","0.754599407590574","0.26622111961571","0.305908333044122","0.282909127198856",1
"0.430786307298769","0.336494729895195","0.770505001440092","0.232762104937415","0.412363190951215",2
"0.309595023481593","0.308778346504617","0.511450987950955","0.358756268654126","0.320799145600878",2
"0.856502755416116","0.285461175939871","0.595696640541084","0.308255463200759","0.299902920956146",1
"0.751469392595853","0.188281386123489","0.339617158524542","0.384013992040906","0.336648870519621",1
"0.337228299526878","0.440840060195672","0.788045560343168","0.207426294509613","0.214842351886872",2
"0.580148848368267","0.551982166853237","0.296362436580214","0.332521553469378","0.297213438868747",1
"0.822886471769","0.291870988645884","0.40228704652538","0.406568674660466","0.298578383742488",1
"0.518606046033328","0.59714741853177","0.27676631463806","0.40435440092779","0.257761614074635",1
"0.157747831438865","0.342604996336227","0.457592287962361","0.317247041368779","0.274672579318727",1
"0.389594662658574","0.410132092742388","0.776026551498626","0.271761701487703","0.452701683475151",1
"0.324998617338019","0.31568014306616","0.472020847887045","0.584766736655792","0.320799145600878",2
"0.865870697000644","0.17703721295472","0.389660858818107","0.380201464565836","0.334595269830419",1
"0.360001703557863","0.782143492208217","0.246955951615123","0.462336740242012","0.486691715581266",1
"0.400664683323085","0.65084377170517","0.26713308568298","0.431538632840517","0.286784955178414",1
"0.361632948938515","0.466562849818721","0.653063341746615","0.786052353022836","0.320799145600878",2
"0.396659399927658","0.359225040396976","0.67562367588479","0.269780062064737","0.409918887014862",2
"0.405218743040478","0.418689449288369","0.824996494210057","0.709488370815113","0.220552917713467",2
"0.552528733490498","0.513978875424556","0.493692802875835","0.540434084414983","0.556112219405829",1
